"id";"dasid";"name"
1;3802;"BATS"
2;43;"hexacoral"
3;18;"CEPH"
8;987;"obis"
10;1988;"SEAMOUNTS"
11;4067;"ZOOGENE"
12;1991;"SOC"
14;696;"seabirds"
15;905;"ellie_sightings_heard"
16;649;"weddell_census"
17;650;"weddell_sightings"
22;651;"whale_catch"
24;66;"nemys"
25;3821;"EMAP"
27;490;"biocean"
28;4133;"ECBMF"
29;4108;"arc"
30;4132;"EAISSNA"
31;4137;"GHMP"
32;4126;"CMN"
33;3386;"ACCDC"
34;4139;"nsm"
35;4136;"GHI"
36;4107;"bofetf"
37;4138;"MIDI"
38;4106;"ecnasap"
39;4115;"RESOLUTE"
40;461;"pechorasea"
41;617;"n3data"
42;481;"medobis"
44;496;"scheldtestuary"
45;145;"macrobel"
49;4135;"gmbenthos"
50;4120;"arctic80sbioness"
51;505;"benticnseccs"
52;1980;"microbis"
56;3707;"revizee"
58;3745;"zooplancton"
60;533;"arcticssmb"
63;875;"obisprovider"
64;4062;"POST"
65;3803;"BernicePBishopMuseum"
67;3451;"AK_observer"
69;3739;"bentos"
70;618;"kielbay70"
71;3446;"IndOBIS"
72;3790;"qm_crust"
73;3657;"ausmus"
74;3782;"mv_entomology2"
75;3783;"mv_ichthyology2"
76;3445;"mv_mammalogy2"
77;3785;"mv_marineinvertebrates2"
78;3389;"mv_ornithology2"
79;3787;"nt_ichthyology2"
80;3788;"nt_mollusca2"
81;3444;"sam_herpetology2"
82;3796;"sam_ichthyology2"
83;3388;"sam_mammalogy2"
84;3800;"sam_marineinvertebrates2"
86;3717;"plankton_paranagua"
87;243;"hornsund"
89;641;"nbn_ga000189"
90;3719;"revizee_chordata"
91;3723;"sinbiota_marine"
92;611;"bayofpuck"
94;657;"nbn_ga000195"
96;688;"nbn_ga000171"
97;690;"nbn_ga000173"
98;674;"marbef"
99;692;"gbif_961"
101;748;"nbn_ga000089"
103;746;"gbif_845"
105;3718;"revizee_chordata_ii"
106;3867;"NASMIS"
115;781;"csbs"
122;4032;"aims_cre"
123;4030;"aims_biotech"
125;3761;"MCM Copepod"
126;3768;"MCM Seal"
127;3769;"Natal Museum Mollusc"
128;3772;"SAIAB Fish"
129;3442;"iziko Fish"
130;3443;"iziko Marine Mammals"
134;833;"gaynor"
136;4029;"aims_bruvs"
137;4034;"aims_ltm_ns"
138;3756;"iziko Crustaceans"
139;1977;"iziko Sharks"
140;1982;"INSTM Trawl"
141;3747;"UCT Algae"
142;3763;"iziko Molluscs"
144;4002;"socpr"
145;906;"ellie_sightings_macca"
146;963;"apis"
148;652;"argos_tracking"
149;916;"orca"
150;962;"whale_survey"
151;3692;"revizee_benthic_central_score"
152;3740;"Phytoplankton_UNAP"
154;1789;"furseals_mi"
155;990;"furseals_hi"
156;3984;"NIOCOLLECTION"
161;3762;"MCM_Demersal"
168;3764;"MCM_Linefish"
207;3706;"revizee_fish_larvae_central_score"
208;3729;"revizee_zooplankton_central_score"
210;3958;"NCOS"
214;995;"asteroidea_zoogeography"
215;541;"bianzo"
216;1014;"historic_krill"
217;3743;"Foraminiferos 01"
219;3751;"obisasteroid"
221;3754;"obisbryozoan"
222;3750;"obisallseabio"
223;3685;"ohh_v10"
225;1793;"em_marine"
226;3987;"historic_fish"
227;1790;"iasb"
228;1792;"kelp"
230;3436;"WoodsHoleBioSurvey"
231;4027;"agrra_benthic"
232;4028;"agrra_fish"
233;4035;"aims_ltm_fish"
234;4057;"northern_barrier_marine_life"
237;4130;"dfogfsdbfish"
238;3746;"cl_udec_copas_foraminiferos_02"
240;3960;"NCOS1959_Crustacea"
241;3961;"NCOS1959_Echinodermata"
242;3962;"NCOS1959_Mollusca"
244;1595;"marine_fauna_vestfold"
245;1594;"trawl_adbex3"
246;1593;"trawl_broke_east"
247;1592;"trawl_fibex"
248;1172;"bodc"
249;480;"benthos_ostsee"
250;1306;"brachiopoda"
251;1037;"zma_noordzee"
252;1048;"cullercoats"
254;601;"zettler"
255;547;"antarctic_nemertina"
256;3734;"cl_udec_copas_ecuador_01"
257;4131;"dfogfsdbinv"
262;3982;"MGDS"
263;3677;"HAB"
264;3128;"new_caledonia"
265;1997;"obis_corals"
266;4013;"GoMA-Intertidal_Biodiversity"
267;3425;"GoMA-Platts_Bank_Aerial_Survey"
268;1984;"NMNH-VZFishes"
478;3427;"argentineanseabirds"
479;3691;"obisscleractinia01"
480;3430;"marinebirdsmzusp"
481;3709;"biotamarinhaceara"
482;3708;"baiailhagrande"
500;1866;"NMNH-IZ"
503;3421;"KOBIS"
505;1646;"phytoplankton_oosterschelde"
508;3942;"TheSoutheasternRegionalTaxonomicCenter"
512;3922;"argentina-fishes"
513;3937;"arobis-radiolaria"
514;3923;"arobis-sealsii"
517;3940;"argentina-secretariapesca"
518;3422;"argentina-ecocentro-whales"
519;3424;"arobis-cetaceans"
520;3927;"arobis-sealsi"
521;986;"argentina-cenpat-fishes"
523;3924;"argentina-nematodes"
525;1603;"andeep3_asteroida"
526;1026;"bas_krill"
527;1654;"biopearl_asteroida"
528;1027;"discovery_krill"
529;1652;"epos3_asteroida"
530;1028;"fruela_krill"
531;1018;"gamlr"
532;1095;"globec"
533;1181;"globec_tagged_seals"
534;1182;"globec_water_column_bacteria"
535;1030;"japanese_krill"
536;1019;"nor_1977"
537;1020;"nor_1979"
538;1034;"us_amlr_krill"
539;1035;"yugniro_krill"
540;1226;"zoo_moc"
541;1200;"zooabund_lmg"
542;1227;"zooabund_nbp"
543;3997;"trawl_broke_west"
563;1025;"aad_krill"
564;1023;"italica_2000"
565;1032;"polish_krill"
566;1653;"waltererwig_asteroida"
567;966;"nssd"
568;3703;"dinotintinideos"
569;3700;"copepods"
571;3710;"marine_rap_38_bra"
572;3728;"uruguay_nearshore_zooplankton"
573;3686;"costarica_fish"
574;1094;"ophiura_dist"
575;1036;"amphipoda_checklist"
576;3947;"aad_benthic"
577;1796;"bird_banding"
578;3983;"leo-hi"
579;3956;"shag_hi"
580;4005;"sub-fur-hi"
581;4004;"aamber2_squid"
582;3720;"bra_polychaeta"
583;3724;"brasiphon"
584;3730;"guarauriv"
585;3695;"marbrasplink"
586;67;"nsbs"
587;614;"kongsfjorden"
588;534;"plymouth"
589;597;"gironde"
590;615;"nmmp"
592;1817;"hbno"
593;1834;"heidrich"
594;1833;"brandt"
595;1837;"hqbgp"
596;1838;"hqbgg"
597;3415;"BH_2000_snpe"
598;3417;"nest_census_windmill_0203"
599;3419;"banzare_whales"
600;4068;"ECOCEAN_WhaleSharks"
601;3795;"Ozcam_AustralianMuseum"
602;3742;"ADU BIRP"
603;3738;"ADU CWAC"
604;3414;"ADU SAFRING"
605;4066;"TOPP_eseal"
607;1953;"whale_log"
608;3753;"EKZNW BAS"
610;1662;"largenet_ca"
611;1663;"largenet_cb"
612;1611;"largenet_f1"
613;1644;"largenet_g1"
614;1588;"largenet_ia"
615;1587;"largenet_ib"
616;1590;"largenet_ie"
617;1589;"largenet_ij"
618;1577;"largenet_im"
619;1494;"largenet_is"
620;1673;"largenet_it"
621;11;"largenet_k2"
622;12;"largenet_k3"
623;1495;"largenet_m1"
624;1607;"largenet_ma"
625;599;"largenet_n1"
626;997;"largenet_o4"
627;998;"largenet_o5"
628;999;"largenet_o6"
629;1656;"largenet_p3"
630;658;"manuela_c1"
631;1038;"manuela_c10"
632;659;"manuela_c2"
633;660;"manuela_c3"
634;661;"manuela_c4"
635;662;"manuela_c5"
637;863;"manuela_c7f"
638;864;"manuela_c8f"
639;865;"manuela_c9f"
640;982;"manuela_da"
641;859;"manuela_dh"
642;980;"manuela_ds"
643;759;"manuela_ha"
644;672;"manuela_hc"
645;884;"manuela_hm"
646;885;"manuela_hs"
647;695;"manuela_ib"
648;693;"manuela_ik"
649;839;"manuela_im"
650;842;"manuela_in"
651;676;"manuela_ma"
652;675;"manuela_ml"
653;883;"manuela_ms"
654;744;"manuela_mt"
655;668;"manuela_na"
656;691;"manuela_nc"
657;665;"manuela_nd"
658;713;"manuela_p1"
659;705;"manuela_pa"
660;707;"manuela_pc"
661;712;"manuela_pe"
662;706;"manuela_pff"
663;704;"manuela_pk"
664;703;"manuela_pl"
665;699;"manuela_pp"
666;698;"manuela_prf"
667;702;"manuela_ps"
668;711;"manuela_py"
669;841;"manuela_sc"
670;670;"manuela_u1"
671;1002;"manuela_u10"
672;1054;"manuela_u12"
673;1059;"manuela_u13"
674;1061;"manuela_u14"
675;1119;"manuela_u17"
676;1120;"manuela_u18"
677;1121;"manuela_u19"
678;669;"manuela_u2"
679;749;"manuela_u3"
680;54;"manuela_u4"
681;866;"manuela_u7"
682;867;"manuela_u8"
683;1000;"manuela_u9"
684;664;"manuela_ua"
685;849;"manuela_ub"
686;845;"manuela_uc"
687;846;"manuela_ue"
688;843;"manuela_ug"
689;671;"manuela_uj"
690;762;"manuela_uk"
691;827;"manuela_ul"
692;663;"manuela_um"
693;209;"manuela_un"
694;807;"manuela_up"
695;847;"manuela_ur"
696;758;"manuela_us"
697;694;"manuela_ut"
698;1875;"nbn_ga000053"
699;1878;"nbn_ga000070"
701;1882;"nbn_ga000350"
702;1884;"nbn_ga000467"
704;1794;"nsbp_desroy"
705;1883;"nbn_ga000363"
706;1779;"nsbp_dewarumez"
707;1800;"nsbp_duineveld"
708;1855;"nsbp_hillewaert"
709;1686;"nsbp_nehring"
710;1684;"nsbp_newel"
711;1801;"nsbp_oug"
712;1680;"nsbp_rachor"
713;1681;"nsbp_rees"
714;1853;"nsbp_robertson"
715;1677;"nsbp_rumohr"
716;1852;"nsbp_vandalfsen"
717;848;"manuela_uy"
720;1856;"nsbp_cochrane"
721;4354;"Fishbase_Occurrence"
722;3959;"banzare_hydroids"
723;3411;"royals_macca_1952"
724;3955;"trawl_waste"
725;4003;"phyto_clivar"
726;3413;"sgp_census"
1430;1958;"king_gadget_census"
1431;3953;"saz_sed"
1432;3403;"nest_census_mawson_0405"
1433;3760;"SFTEP"
1434;4006;"MaineInvasives"
1435;3406;"NEFSC"
1449;2037;"ds37"
1451;2039;"ds43"
1452;2038;"ds40"
1453;3945;"forams"
1455;3689;"USB-MCN"
1456;4064;"CMarZ"
1457;4047;"aims_gbr_octocorals"
1458;4048;"aims_torres_octocorals"
1459;4050;"aims_palau_octocorals"
1460;4051;"aims_wa_octocorals"
1461;4045;"aims_png_octocorals"
1462;4043;"aims_hk_octocorals"
1464;4053;"aims_gbrl_Copepods"
1466;4031;"aims_creefs_ningaloo"
1467;4058;"aims_creefs_heron"
1468;4033;"aims_creefs_lizard"
1491;3931;"argentina-gastropods"
1492;3972;"NOAA NBI"
1493;3408;"snpe_census"
1494;3410;"royals_census_1984"
1495;3400;"SEFSC_LogBook"
1496;3401;"SEFSC_POP"
1497;4037;"aims_nwc_copepods"
1499;4052;"aims_darwinharbour_copepods"
1500;4096;"CMarZ_Asia"
1502;3402;"INVEMAR_OBIS"
1503;3833;"MARMAP_BlackfishSurvey"
1504;3836;"MARMAP_ChevronSurvey"
1505;3837;"MARMAP_FLAntilleanSurvey"
1506;3391;"SEAMAP-SA"
1507;3397;"MBARI"
1508;2177;"trawl_krock"
1509;3398;"BCLME Namibia"
1510;1675;"ibsshistorical"
1511;2171;"ibsszooplankton"
1512;1947;"marinelife_ireland"
1513;1941;"northern_portugal"
1514;3690;"amazon_shelf_holocene_present_benthic_foraminifera"
1516;3698;"cem_ufpr_biodiversity_paranagua_bay_region"
1517;3701;"corbisier_1991_1994_benthic_macrofauna"
1520;3711;"migotto_1996_hydroids_sao_sebastiao_sp_br"
1522;3722;"revizee_central_coast_deep_ocean"
1525;3725;"spf_collection_of_sao_paulo_state"
1543;3749;"SquatLobsters"
1544;4007;"CascoBay"
1545;3399;"BioGoMx"
1546;3930;"GulfOfMexicoFish"
1547;3932;"GulfOfMexicoInvert"
1548;3933;"GulfOfMexicoIsopod"
1549;3934;"GulfOfMexicoMacro"
1550;3936;"GulfOfMexicoMeio"
1551;3929;"GulfOfMexicoAmphipod"
1552;3938;"GulfOfMexicoPoly"
1553;3941;"GulfOfMexicoTrawl"
1569;4008;"PenebscotBay"
1570;961;"sesam"
1571;1052;"manuela_u11"
1572;1064;"manuela_u15"
1573;832;"manuela_u6"
1575;2157;"ices_dome_community"
1576;2159;"ices_dome_biota"
1577;3815;"CRED_Benthic_Algae_Photoquad"
1578;3811;"CRED_Benthic_REA_Belt"
1579;3807;"CRED_Benthic_REA_DZ"
1580;3805;"CRED_Benthic_REA_LPI"
1581;3813;"CRED_Fish_REA"
1582;3818;"CRED_Fish_TDS"
1583;3806;"CRED_REA_Inverts"
1584;1940;"cedamar"
1585;2385;"so_polylist"
1586;2433;"antarctic_lophogastrida"
1587;1647;"abbed_tanaidacea"
1588;1040;"mna"
1589;1778;"belare_birds_mammals_2008"
1590;2001;"rachel_gobionotothen_gibberifrons"
1591;1649;"abbed_pycnogonida"
1592;2436;"southern_ocean_oligochaete"
1594;2386;"rachel_euphausia_superba"
1595;1784;"seastars_kerguelen"
1596;1951;"antarctic_marine_amoebae"
1597;1648;"abbed_cumacea"
1598;1716;"abbed_polychaeta1"
1599;1961;"rachel_bacteria_penguin_guano"
1600;994;"antxxiii"
1601;2435;"amphipoda_hyperiidea"
1602;2387;"rachel_antarctic_isopods"
1603;1335;"icota2004"
1604;1785;"rachel_mahon"
1605;2002;"rachel_parborlasia_corrugatus"
1606;2391;"antarctic_brachiopods"
1607;1655;"macn_asteroida"
1608;1775;"rachel_foraminifera"
1609;1967;"rachel_neilsen"
1610;2432;"easiz1"
1611;1783;"saambl"
1613;1776;"rachel_mixed_taxa"
1614;1851;"rachel_promachocrinus_kerguelensis"
1615;1787;"voronina"
1616;2431;"antarctic_cumacea"
1617;2426;"antarctic_jellyfish"
1618;2434;"antarctic_mysida"
1619;1788;"antarctic_marine_bacteria"
1620;2336;"stygiomedusa_gigantea_in_situ"
1621;2388;"rachel_antarctic_pycnogonids_2"
1622;2392;"rachel_penguins_georef"
1623;2429;"mareco_2003_arni_fridriksson"
1624;2427;"mareco_2004"
1625;2428;"mareco_2004_mammals_birds"
1627;2430;"mareco_hampelfish"
1630;4061;"FMAP_Eutroph"
1631;3946;"BuckIslandFish"
1632;3876;"SMCCInverts"
1633;3951;"VINPCoralTransplantStudy"
1634;4102;"WEBSEC"
1659;3394;"MARMAP_YankeeTrawl"
1660;3834;"MARMAP_BongoNets"
1661;3835;"MARMAP_BottomLongline"
1662;3839;"MARMAP_FlyNet"
1663;3841;"MARMAP_IsaacKiddMidwaterTrawl"
1664;3844;"MARMAP_KaliPole"
1665;3847;"MARMAP_NeustonNets"
1666;3850;"MARMAP_ShortBottomLongline"
1667;3687;"VEcorals_sponges"
1668;3970;"mundy_fish"
1670;4065;"topp_fish"
1671;3975;"NOAA_PRFISH"
1672;3979;"NOAA_STJFISH"
1673;3977;"NOAA_STCFISH"
1674;2205;"belmonte_zooplankton"
1675;1289;"largenet_pm"
1676;1292;"largenet_pe"
1678;1291;"largenet_pp"
1679;2202;"belmonte_cysts"
1680;2204;"belmonte_mesozooplankton"
1681;2203;"belmonte_microzooplankton"
1682;1290;"largenet_pa"
1683;3737;"CHILE_FISH1"
1684;3733;"COPAS_CPD1"
1685;3736;"COPAS_EUP1"
1686;3993;"trawl_aamber"
1687;3990;"trawl_adbex1"
1688;3991;"trawl_adbex2"
1689;3994;"trawl_aamber2"
1690;3992;"trawl_sibex2"
1693;3829;"ME_DMR_Trawl"
1694;3981;"NEFSCBenthicDatabase"
1695;82;"tisbe"
1696;212;"chessbase"
1975;3974;"NOAA_PRINV"
1976;3973;"NOAA_GOMINV"
1977;3978;"NOAA_STJINV"
1978;3976;"NOAA_STCINV"
1979;2503;"rachel_antarctic_nemertea"
1981;2438;"antphipoda_new"
1982;2437;"antarctic_aphipoda"
1983;2443;"so_ostracoda"
1984;2502;"rachel_arrow_worms"
1985;1881;"gbif_950"
1986;640;"nbn_ga000178"
1987;621;"nbn_ga000190"
1988;645;"nbn_ga000182"
1990;747;"gbif_865"
1991;3283;"zd_19"
1992;3304;"zd_3"
1993;3257;"zd_45"
1994;3636;"zd_482"
1995;3598;"zd_522"
1996;3325;"zd_145"
1997;3318;"zd_149"
1998;3544;"zd_233"
2000;3549;"zd_241"
2002;1972;"zd_427"
2003;3643;"zd_396"
2004;3645;"zd_398"
2005;3380;"zd_187"
2006;3367;"zd_215"
2007;3556;"zd_113"
2008;3545;"zd_239"
2009;3563;"zd_246"
2010;3405;"zd_272"
2013;3527;"zd_122"
2014;3358;"zd_136"
2015;3479;"zd_294"
2016;3624;"zd_386"
2017;3626;"zd_387"
2019;1973;"zd_423"
2022;3623;"zd_494"
2023;3583;"zd_530"
2025;3266;"zd_104"
2026;3612;"zd_509"
2029;3524;"zd_656"
2030;3505;"zd_41"
2031;3253;"zd_1"
2032;3254;"zd_53"
2033;3272;"zd_72"
2034;3530;"zd_42"
2035;3501;"zd_46"
2036;3428;"zd_88"
2037;3531;"zd_95"
2038;3382;"zd_199"
2039;3560;"zd_230"
2040;3420;"zd_90"
2042;3488;"zd_304"
2043;3440;"zd_306"
2044;3288;"zd_31"
2045;3466;"zd_310"
2047;3647;"zd_400"
2048;3346;"zd_154"
2049;3330;"zd_140"
2050;3610;"zd_507"
2051;3477;"zd_296"
2054;3307;"zd_117"
2055;3336;"zd_137"
2056;3306;"zd_37"
2061;3596;"zd_537"
2062;3503;"zd_66"
2065;3543;"zd_597"
2066;3546;"zd_598"
2068;3431;"zd_27"
2069;3529;"zd_75"
2070;3412;"zd_87"
2071;3323;"zd_146"
2072;3368;"zd_217"
2073;3569;"zd_240"
2080;3347;"zd_152"
2081;3496;"zd_236"
2082;3334;"zd_133"
2083;3280;"zd_111"
2084;3553;"zd_243"
2085;1996;"zd_274"
2086;3485;"zd_315"
2087;3584;"zd_298"
2091;3310;"zd_116"
2092;3311;"zd_123"
2094;3589;"zd_327"
2095;3587;"zd_328"
2097;3646;"zd_466"
2098;3666;"zd_468"
2104;3418;"zd_33"
2105;3262;"zd_51"
2107;3409;"zd_89"
2108;3605;"zd_99"
2112;3362;"zd_201"
2113;3580;"zd_231"
2115;3379;"zd_189"
2117;3555;"zd_242"
2118;3573;"zd_249"
2119;3565;"zd_248"
2120;3649;"zd_460"
2122;3355;"zd_128"
2123;3327;"zd_144"
2124;3591;"zd_326"
2125;1968;"zd_429"
2126;3478;"zd_433"
2127;3656;"zd_437"
2131;3644;"zd_467"
2132;3667;"zd_461"
2134;3547;"zd_588"
2135;3550;"zd_590"
2136;3558;"zd_582"
2140;3416;"zd_25"
2141;3255;"zd_52"
2142;3434;"zd_29"
2143;3258;"zd_47"
2144;3264;"zd_60"
2146;3322;"zd_147"
2147;3364;"zd_193"
2148;3495;"zd_109"
2149;3528;"zd_227"
2152;3366;"zd_221"
2153;3316;"zd_155"
2154;3341;"zd_134"
2155;3329;"zd_139"
2156;3438;"zd_284"
2157;3585;"zd_329"
2161;3621;"zd_499"
2162;1974;"zd_425"
2163;1995;"zd_432"
2164;3552;"zd_586"
2165;3263;"zd_56"
2166;3551;"zd_592"
2168;3429;"zd_23"
2169;3423;"zd_17"
2170;1969;"zd_73"
2171;3630;"zd_484"
2172;1994;"zd_64"
2173;3270;"zd_65"
2175;3383;"zd_197"
2176;3372;"zd_211"
2177;3361;"zd_191"
2178;3308;"zd_115"
2179;3321;"zd_151"
2181;3319;"zd_153"
2183;3469;"zd_302"
2184;3467;"zd_288"
2186;3339;"zd_129"
2188;1975;"zd_431"
2190;3670;"zd_464"
2194;3535;"zd_650"
2196;3300;"zd_15"
2198;3303;"zd_11"
2199;3282;"zd_35"
2200;3261;"zd_44"
2202;1990;"zd_103"
2203;3271;"zd_67"
2204;3561;"zd_238"
2205;3384;"zd_205"
2206;3369;"zd_219"
2207;3564;"zd_245"
2208;3557;"zd_232"
2209;3426;"zd_86"
2211;1979;"zd_334"
2212;3572;"zd_234"
2213;3357;"zd_132"
2214;3342;"zd_135"
2215;3439;"zd_283"
2216;3437;"zd_285"
2217;3471;"zd_290"
2218;3475;"zd_292"
2222;3335;"zd_138"
2224;3658;"zd_435"
2226;3265;"zd_62"
2227;3570;"zd_559"
2234;3083;"zd_562"
2236;3289;"zd_7"
2237;3250;"zd_13"
2238;3259;"zd_49"
2239;3433;"zd_21"
2240;3256;"zd_40"
2241;3260;"zd_50"
2243;3360;"zd_148"
2244;3492;"zd_107"
2245;1986;"zd_280"
2246;3387;"zd_209"
2247;3377;"zd_213"
2248;3548;"zd_229"
2249;3571;"zd_247"
2251;1970;"zd_344"
2252;3534;"zd_322"
2253;3373;"zd_207"
2254;3320;"zd_156"
2255;3345;"zd_130"
2256;3338;"zd_131"
2257;3579;"zd_244"
2258;3480;"zd_311"
2259;3476;"zd_300"
2260;1971;"zd_358"
2263;3590;"zd_330"
2264;3541;"zd_332"
2265;3343;"zd_141"
2266;3332;"zd_142"
2270;3365;"zd_490"
2271;3618;"zd_502"
2273;3671;"zd_463"
2274;3494;"zd_58"
2275;3540;"zd_596"
2276;3536;"zd_651"
2283;3089;"hab_europe"
2285;3715;"north_br_mangrove"
2286;3716;"northeast_br_mangrove"
2287;3393;"south_br_mangrove"
2288;3655;"southeast_br_mangrove"
2289;3954;"jamstec_sampledb"
2291;2501;"duplisea"
2293;4127;"obis_dfo_cna_multispeciessurveys"
2294;2659;"BAS_ARGOS"
2295;2297;"SOMBASE BIOCONSTRUCTORS"
2296;2678;"SOMBASE PYCNOGONIDS"
2301;3944;"arobis-seaweeds"
2302;3935;"arobis-marineinvertebrate"
2303;2784;"gbif_1032"
2304;3819;"NOAA_RAND"
2306;2441;"antavia_trackingking"
2307;2769;"white_sea_benthos"
2308;4140;"OTNDFOSPINYDOGFISHTAG"
2314;3712;"morrocoy_gastropods_amphipods"
2315;3697;"br_offshore_islands"
2316;3696;"br_nonindigenous_species"
2318;3679;"RU_OTTER"
2319;3943;"TU Fish"
2327;4124;"BioChem_GullyPlankton2006-2007"
2328;4110;"Biochem_AZMP_Maritimes"
2329;2706;"birkun_cetacea_sighting"
2330;4118;"DFO_MAR_HUDSON70_Forams"
2331;3390;"DFO_PAC_Groundfish"
2332;3748;"eastlondonmuseum"
2333;3765;"Kenya_marine"
2334;3766;"madagascar_corals"
2335;3767;"madagascar_diatoms"
2336;3741;"madagascar_dinoflagelles"
2337;3392;"madagascar_fish"
2338;3744;"madagascar_invertebrates"
2339;3952;"MOC10GB"
2340;3771;"nigeria_marine"
2341;4119;"PEI_Phytoplankton_Monitoring_Program"
2342;4097;"samar_eco_2009"
2343;3877;"STOCS_MAFLA_Benthic"
2344;3928;"TCWC_Cnidaria"
2345;3773;"uct_sam"
2346;3950;"VINPCoralSpeciesList"
2347;2708;"bryantseva_phytoplankton"
2348;4129;"DFO_Gulf_SnowCrabSurveys"
2349;4134;"FRB_CalanusSeries"
2350;2695;"lyumkis"
2351;2803;"southern_ocean_cnidaria"
2352;2802;"southern_ocean_octopus"
2353;3521;"zd_513"
2356;2827;"zd_662"
2357;3499;"zd_684"
2358;3504;"zd_687"
2359;3502;"zd_688"
2360;3512;"zd_691"
2363;3077;"zd_694"
2364;3509;"zd_701"
2365;2823;"zd_703"
2367;3574;"zd_708"
2368;3575;"zd_709"
2369;3507;"zd_710"
2370;3506;"zd_712"
2371;3490;"zd_713"
2373;3493;"zd_717"
2375;2826;"zd_726"
2377;1993;"zd_731"
2380;3468;"zd_737"
2382;3470;"zd_744"
2384;3073;"zd_755"
2385;4248;"zd_756"
2389;3072;"zd_761"
2390;2694;"derezuk_phytoplankton"
2391;2696;"georgieva_experiment"
2392;2698;"georgieva_kiev5"
2393;2144;"ices_stomach_content_data"
2394;2699;"kovalevski"
2395;2703;"vodyanitskiy33_phytoplankton"
2396;2704;"vodyanitskiy37_phytoplankton"
2399;3873;"MITSG_RAS"
2400;3831;"MITSG_MIM"
2401;3804;"MITSG_CHI"
2402;3827;"MITSG_HG"
2403;3869;"OCEAN_GENOME"
2405;4117;"DFO_BioChem_PhytoplanktonMonitoring_GeorgesBank_and_ScotianShelf_1974"
2406;4128;"dfo_gulf_camp"
2407;3726;"types_collection_carcinolgy_mn_ufrj"
2408;3705;"extreme_south_br"
2409;4116;"DFO_MAR_Kohler_FishEggsLarvae_GSL"
2410;3699;"cnidaria_sao_paulo_2000-2010_and_brazil"
2411;3721;"previous_fisheries_revizee_program"
2412;4113;"Biochem_AZMP_Quebec"
2414;4018;"FB13389"
2415;2442;"FB1507"
2416;4016;"FB612"
2417;4017;"FB660"
2418;4014;"FB9093"
2419;4015;"gbif_9192"
2420;3727;"ufpe_oceanography_zooplankton_research"
2421;3758;"obisspecify"
2422;4019;"FB9098"
2423;4122;"BAUMGARTNERZOOPLANKTON"
2424;4143;"DFO_MAR_SableIslandSeals"
2425;4144;"DFO_MAR_SEALS_FOWLER_AS"
2429;4146;"OTNDFOGREYSEALSBIOPROBES"
2430;3684;"apostomes"
2432;3676;"boldfish"
2433;3675;"boldinvertebrates"
2435;3678;"R2K_LAU"
2436;2782;"gbif_1042"
2437;3514;"zd_680"
2439;3375;"zd_732"
2440;3460;"zd_745"
2441;3461;"zd_747"
2442;3462;"zd_749"
2443;3459;"zd_751"
2444;3458;"zd_765"
2448;3453;"zd_771"
2449;3452;"zd_772"
2452;3079;"zd_779"
2456;3374;"zd_784"
2462;3350;"zd_807"
2463;3078;"zd_812"
2467;3066;"zd_819"
2470;4141;"NFM_FishCollection"
2471;2886;"benthic_data_sevastopol"
2472;2705;"birkun_bycatch_blacksea"
2473;2165;"birkun_cetacea_strandings"
2474;3125;"ecoscope_observation_database"
2475;1600;"macroben_biomor1"
2476;612;"macroben_gulfofgdansk"
2477;602;"macroben_lbmrev"
2478;600;"macroben_ochipinti"
2479;977;"manuela_dw"
2480;2690;"milchakova_macroalgae_blacksea"
2481;2693;"milchakova_seagrasses_ccz"
2482;2909;"monitoring_porto_2006_2008"
2483;3127;"observe_tuna"
2484;3126;"observe_tuna_bycatch"
2485;2778;"shiganova_zooplankton_blacksea"
2486;4020;"taiwan_bottom_trawl_survey"
2487;3779;"uae_molluscs"
2488;2770;"yugniro_1"
2489;3053;"migjorn"
2490;2767;"ices_datras_rockall"
2491;3010;"cory"
2492;3021;"foraminiferos_port_de_soller"
2493;2762;"ices_datras_ie_igfs"
2494;4142;"DFO_BioChem_BB_Madhu"
2495;3019;"fitoplancton_bahia_palma_91"
2496;3017;"fad_fish"
2497;3008;"copepodos_mahon_74_75"
2498;3013;"equipar"
2499;2760;"ices_datras_bits"
2500;2763;"ices_datras_ns_ibts"
2501;3047;"ictioplancton_canal_de_ibiza"
2502;3063;"romb"
2503;3005;"biomex"
2504;3007;"copepodos_bahia_palma_82"
2505;2817;"ices_historical_plankton"
2506;4114;"DFO_BioChem_BedfordBasin"
2507;3020;"foraminiferos_caulexpan"
2508;3059;"pescala"
2509;3065;"radial"
2510;3061;"pinna_reclutas"
2511;3000;"apendicularias_bahia_palma_72_74"
2512;3055;"obm"
2513;3052;"meiofauna"
2514;4123;"DFO_BioChem_CWS_BOF_ZP"
2515;3022;"foraminiferos_tesis_baleares"
2516;3054;"miver"
2517;2766;"ices_datras_alt_ibts"
2518;3011;"ecobaleares"
2519;3023;"foraminiferos_tesis_palma"
2520;3060;"pinna_isotopos"
2521;3018;"fad_zooplancton"
2522;4121;"DFO_BioChem_MacLaren"
2523;3045;"hercule"
2524;2657;"ipy_caml"
2525;213;"macroben_redit1"
2526;3064;"tunibal"
2527;3051;"medits"
2528;3009;"copepodos_mahon_80_81"
2529;3062;"radbal"
2530;2761;"ices_datras_bts"
2531;3016;"ermasia"
2532;3003;"baleares"
2533;3057;"pelmed"
2534;3002;"balar"
2535;3015;"erca"
2536;3006;"canal"
2537;2759;"ices_datras_evhoe"
2538;2764;"ices_datras_bts_viia"
2539;3046;"ictioplancton_bahia"
2540;3755;"niwacorals"
2541;3050;"marpace"
2542;4246;"dfo_quebec_groundfish"
2543;4251;"arcost2010"
2545;4247;"deepatl_gastro"
2546;4099;"wod2009"
2547;785;"cpr_phyto"
2548;787;"sahfos_cpr_data"
2549;4076;"ewing_valdivia_bank"
2550;3137;"hmap_01"
2551;3138;"hmap_02"
2552;3139;"hmap_03"
2553;3140;"hmap_04"
2554;3142;"hmap_05"
2555;3143;"hmap_06"
2556;3144;"hmap_07"
2557;3145;"hmap_08"
2558;3146;"hmap_09"
2559;3147;"hmap_10"
2560;3148;"hmap_11"
2561;3149;"hmap_12"
2562;3150;"hmap_13"
2563;3151;"hmap_14"
2564;3152;"hmap_15"
2565;3153;"hmap_16"
2566;3154;"hmap_17"
2567;3155;"hmap_18"
2568;2731;"pangaea_2731"
2569;2732;"pangaea_2732"
2570;2748;"pangaea_2748"
2571;2749;"pangaea_2749"
2572;2723;"pangaea_2723"
2573;2738;"pangaea_2738"
2574;2327;"pangaea_2327"
2575;2728;"pangaea_2728"
2576;2746;"pangaea_2746"
2578;2734;"pangaea_2734"
2579;2724;"pangaea_2724"
2580;2721;"pangaea_2721"
2581;2733;"pangaea_2733"
2582;2742;"pangaea_2742"
2583;2727;"pangaea_2727"
2584;2753;"pangaea_2753"
2585;2756;"pangaea_2756"
2586;2768;"pangaea_2768"
2587;2739;"pangaea_2739"
2588;2740;"pangaea_2740"
2589;2741;"pangaea_2741"
2590;2725;"pangaea_2725"
2591;2750;"pangaea_2750"
2592;2751;"pangaea_2751"
2593;2747;"pangaea_2747"
2594;2752;"pangaea_2752"
2595;2722;"pangaea_2722"
2596;2737;"pangaea_2737"
2597;2743;"pangaea_2743"
2598;2730;"pangaea_2730"
2599;2754;"pangaea_2754"
2600;2755;"pangaea_2755"
2601;2720;"pangaea_2720"
2602;2735;"pangaea_2735"
2603;2744;"pangaea_2744"
2604;2729;"pangaea_2729"
2605;2736;"pangaea_2736"
2606;2745;"pangaea_2745"
2607;3474;"zoo_lebanon"
2608;3165;"pacificcpr_phyto"
2609;3164;"pacificcpr_zoo"
2610;3162;"noaacprzoo"
2611;3163;"continuousplanktonrecorderdatasetnoaaphytoplankton"
2612;2967;"gelatinous_macrozoo_in_deepw_sevastopol"
2613;4039;"phytoplankton_blacksea_west_1957_cr2"
2614;3156;"hmap_19"
2615;3157;"hmap_20"
2616;3158;"hmap_21"
2617;3159;"hmap_22"
2619;2979;"phytoplankton_blacksea_1969_1970"
2620;2980;"phytoplankton_blacksea_1990"
2621;2976;"phytoplankton_blacksea_1958"
2622;2977;"phytoplankton_blacksea_1995"
2623;2982;"phytoplankton_blacksea_1969"
2624;2981;"phytoplankton_blacksea_1968"
2625;2978;"phytoplankton_blacksea_1995_pk"
2626;4038;"phytoplankton_blacksea_west_1957"
2627;4040;"phytoplankton_blacksea_1987_1990"
2628;4041;"phytoplankton_blacksea_diurnal_1957"
2629;4042;"phytoplankton_blacksea_1957_cr2"
2630;4044;"phytoplankton_blacksea_1952_1963"
2631;4046;"phytoplankton_blacksea_diurnal_1952"
2632;3049;"invasoras"
2633;2885;"karkinitsky_gulf"
2634;2882;"laspi_bay"
2635;3094;"benticnseccs_macroin"
2636;2875;"scans2"
2637;3068;"biomor4"
2638;3067;"biomor5"
2639;3086;"snu_ff_macro"
2640;3093;"snu_ff_meio"
2641;3085;"snu_ff_crust"
2642;3129;"snu_ff_mollu"
2643;291;"snu_ff_phyto_zoo"
2644;2953;"phtyto_lebanon"
2645;596;"fauna_bentonica"
2646;3223;"marcroben_evros"
2647;2968;"gelatinous_macrozoo_sevastopol"
2648;2969;"mesozooplankton_sevastopol"
2649;3222;"intertid_biodiv_beaches_portugal_2005_2010"
2650;4036;"phytoplankton_blacksea_1952"
2651;3056;"observadores"
2652;3058;"percnon"
2653;4327;"BioChem_LobsterLarvae_PEI"
2654;4328;"BioChem_SABS_winter1914"
2655;4329;"CHONeArcticNet_MacroBenth"
2656;4330;"cws_eastcoastseabirdsatc"
2657;4331;"DFO_ABS_Zooplankton_1962"
2658;4332;"dfo_biochem_marcats"
2659;4333;"DFO_BioChem_NS_Phyto1990s"
2660;4334;"dfo_canadianais"
2661;4335;"OTNDFOInnBayofFundySalmon"
2662;4336;"OTNDFONFLDCOD"
2663;4337;"OTNDFONovaScotiaPower"
2664;4338;"OTNDFOShippaganNBCodTags"
2665;4303;"bc_er_racerocks"
2666;4304;"biochem_azmp_nl"
2667;4305;"chone_pc06"
2668;4306;"obis_dal_williamson1983"
2669;4307;"dfo_abs_zoobenthos_r164"
2670;4308;"dfo_biochem_sameoto"
2671;4309;"dfo_que_dutil_fishdb"
2673;4311;"dfo_que_mli_museum"
2674;4312;"nrc_harmfulphytoplankton"
2675;4313;"obis_agc_vilks_cges_v13"
2677;4315;"obis_bio_bartlett_64_8"
2678;4316;"obis_bio_bartlett_65-3"
2679;4317;"obis_bio_leslie_65-6"
2680;4318;"obis_bio_vilks_67-1"
2681;4319;"obis_bio_vilks_marsed_v4"
2682;4320;"obis_biochem_mel_frb_r401"
2684;4322;"obis_dfo_gulf_groundfishsurveys"
2685;4323;"obis_dfo_ios_plankton_linep"
2686;4324;"obis_fsrs_lobsterrecruitmentdb"
2687;4325;"obis_mountallison_zwicker_1998"
2690;3454;"zd_511"
2697;3487;"zd_729"
2700;3363;"zd_792"
2701;3359;"zd_794"
2704;3340;"zd_820"
2705;3653;"zd_821"
2706;3136;"zd_824"
2707;3337;"zd_825"
2708;3326;"zd_828"
2709;3131;"zd_829"
2710;3135;"zd_830"
2712;3130;"zd_832"
2714;3333;"zd_835"
2715;3331;"zd_836"
2716;3324;"zd_837"
2717;3134;"zd_839"
2718;3133;"zd_840"
2721;3314;"zd_845"
2724;3302;"zd_851"
2727;3301;"zd_855"
2728;3299;"zd_857"
2729;3298;"zd_859"
2730;3297;"zd_861"
2732;3290;"zd_865"
2733;3295;"zd_866"
2734;3286;"zd_867"
2735;3293;"zd_868"
2736;3296;"zd_869"
2737;3287;"zd_870"
2738;3291;"zd_871"
2739;3292;"zd_872"
2740;3294;"zd_873"
2741;3285;"zd_874"
2742;3284;"zd_875"
2743;3281;"zd_876"
2744;3277;"zd_877"
2746;4254;"zd_880"
2747;4255;"zd_882"
2749;4258;"zd_885"
2753;4262;"zd_896"
2754;4147;"zd_899"
2755;4148;"zd_900"
2756;4263;"zd_902"
2757;4264;"zd_903"
2758;4267;"zd_904"
2759;4268;"zd_905"
2760;4265;"zd_906"
2761;4266;"zd_907"
2762;4269;"zd_911"
2763;4270;"zd_912"
2765;4272;"zd_916"
2766;4273;"zd_917"
2767;4274;"zd_918"
2768;4275;"zd_919"
2769;4276;"zd_920"
2770;4277;"zd_921"
2771;4278;"zd_922"
2772;4279;"zd_923"
2773;4280;"zd_924"
2775;4282;"zd_926"
2776;4283;"zd_927"
2777;4284;"zd_928"
2784;4291;"zd_947"
2785;4292;"zd_948"
2786;4293;"zd_949"
2794;4301;"zd_957"
2795;4302;"zd_959"
2796;4339;"zd_96"
2797;4352;"mbis_plankton"
2798;4351;"mbiscoralline_algae"
2799;4764;"amundsenseamolluscs_biopearl_ii"
2801;4729;"antarctic_subantarctic_and_cold_temperate_echinoid_database"
2802;4734;"biochem_bb1967_frb_r120"
2803;4735;"biochem_bio_jgofs_1992"
2804;4737;"biochem_harris_0_100m"
2805;4748;"dal_laurent2011"
2806;4750;"de_beers_marine_namibia__benthos"
2807;4749;"debeersmarine"
2808;4736;"dfo_cna_anderson_r80_2"
2809;4725;"dfo_gulf_eel_atlas"
2810;4759;"dfo_ios_arcticpre2001"
2811;4754;"dfo_mel_donpeer"
2812;4834;"dfo_mel_hargrave_tr608_bb"
2813;4753;"dfo_mel_peckscove"
2814;4757;"dfo_nl_groundfish"
2815;4760;"dfo_pac_shorekeepers"
2816;4761;"dfo_sabs_misc_001"
2820;272;"env_imp_black_sea"
2821;2972;"marcroben_evros_laki"
2822;2974;"marcrozooben_evros_laki"
2823;2975;"marcrozooben_evros_mono"
2824;4812;"mbis_foraminifera"
2825;4245;"mediterraneanpolychaetaintertidal"
2826;4363;"microzoo_cosmos_2002"
2827;4820;"namdeb_benthos"
2828;4314;"obis_agc_vilks_gsab_v93"
2829;4733;"obis_bio_vilks_micropal_v15"
2830;4744;"obis_cbu_rporter_2013"
2832;4125;"obis_marwhale"
2833;3441;"obis_pacshrimp"
2834;4829;"otncbubrasdorlakesarray"
2835;4830;"otndfosmrsalmon"
2836;4383;"phyto_black_sea_1948"
2837;4385;"phyto_black_sea_1948_1950"
2838;4381;"phyto_black_sea_1952"
2839;4389;"phyto_black_sea_1972"
2840;4390;"phyto_black_sea_1974_1975"
2841;4387;"phyto_black_sea_1991"
2842;4382;"phyto_black_sea_febr_1957"
2843;4392;"phyto_black_sea_june_1950"
2844;4386;"phyto_black_sea_may_1957"
2845;4391;"phyto_black_sea_nov_1948"
2846;4384;"phyto_black_sea_okt_1948"
2847;4388;"phyto_black_sea_sept_1948"
2848;4359;"phyto_cosmos_1989"
2849;4360;"phyto_cosmos_1998"
2850;4361;"phyto_cosmos_1_1997"
2851;4362;"phyto_cosmos_2_1997"
2852;4364;"phyto_cosmos_cruise22"
2853;4367;"phyto_cosmos_cruise37"
2854;4366;"phyto_cosmos_cruise38"
2855;4365;"phyto_cosmos_cruise43"
2856;4846;"pocock_seaweeds"
2859;4837;"ross_sea_mollusca_lgp"
2860;4242;"syllidae2_egypt"
2862;4874;"triggerfish_line_islands"
2863;4393;"zoo_black_sea_apr_1950"
2864;4380;"zoo_black_sea_febr_1951"
2865;4378;"zoo_black_sea_febr_1957"
2866;4377;"zoo_black_sea_nw_1952"
2867;4357;"zoo_murina"
2870;4876;"jamstec_multisplash2006_sagamibay_siphonophora"
2871;4877;"jodc_j-doss"
2874;4863;"zd_1007"
2876;4762;"zd_1010"
2880;4740;"zd_971"
2893;4026;"brazil_marine_biota_phd_msc_studies"
2894;4885;"espobis_gelatinous_zooplankton"
2900;4888;"zd_1031"
2901;4889;"zd_1051"
2902;4890;"zd_1053"
2904;4891;"zd_1033"
2906;4892;"zd_1028"
2907;4893;"zd_1055"
2909;4894;"zd_1057"
2910;4895;"zd_1043"
2911;4899;"zd_1045"
2912;4484;"zd_1030"
2916;4896;"zd_1113"
2917;4900;"zd_1047"
2918;4906;"zd_1099"
2919;4907;"zd_1012"
2920;4908;"zd_1078"
2921;4909;"zd_1016"
2925;4910;"zd_1096"
2926;4911;"zd_1097"
2927;4912;"zd_1098"
2928;4913;"zd_1017"
2931;3693;"benthic_marine_algae_from_cabo_frio"
2932;3704;"estuarine_demersal_fish_of_brazil"
2933;4914;"zd_1069"
2934;4915;"zd_1071"
2935;4920;"zd_1072"
2936;4952;"zd_1073"
2937;4951;"zd_1074"
2939;4950;"zd_1065"
2942;4949;"zd_571"
2946;4948;"dal_hardie_arcticlakescod"
2949;4947;"obis_agc_thomas_jfr_v12"
2950;4946;"zd_1041"
2951;4945;"nafo_mammals_icnaf"
2953;4944;"obis_dal_scottthesis1977"
2954;4942;"mar_sharksurvey"
2955;4941;"mar_shark_derbies"
2956;4940;"chone_pc_02"
2957;56;"neom_int"
2958;5015;"antavia-trackingking"
2960;2040;"rachel_doris_kerguelensis"
2961;4379;"benthos_azov_sea"
2962;4376;"benthos_azov_sea_1935"
2963;4516;"phytopl_tarkhan_1952"
2964;467;"endis_risks_benthic_2002_2005"
2966;24;"pela_bcs"
2967;162;"hyp_bent_sandb_bcf"
2968;4358;"phyto_cosmos_1990"
2969;4939;"zd_1035"
2970;4938;"zd_893"
2971;4397;"phytopl_med_sea_valivov_1959"
2972;51;"bcs_115b_330"
2973;1204;"nw_black_sea_macrobent"
2974;837;"bewremabi_meiofauna"
2975;137;"north_sea_hypbent_com"
2976;593;"gobiidae_survey"
2977;466;"scheldt_benthic_1988_2001"
2978;932;"bewremabi_macrofauna"
2980;1257;"westbanks_lanice"
2981;153;"habitat_flem_bank"
2982;4937;"otndfo-nafcgilbertbaytele"
2983;4935;"obis_dal_hawkesthesis2004"
2986;4934;"zd_1138"
2987;4933;"zd_1140"
2988;4932;"zd_1063"
2990;4931;"zd_894"
2991;4930;"zd_895"
2997;4898;"zd_1136"
2998;4929;"zd_1067"
2999;4928;"zd_1106"
3000;2451;"rephy"
3001;5016;"obis_fsrs_lobsterrecruitmentdb_2"
3002;146;"bel_sand_beach"
3003;156;"epi_benth_bcs"
3005;4430;"zoopl_med_sea_59"
3006;472;"trophos_podo"
3007;1355;"imram_benthic"
3008;4927;"zd_1039"
3009;20;"scheldt_chem"
3010;610;"bewremabi_macrofauna2"
3011;4926;"obis_agc_cole_bi-r-75-5"
3012;4925;"arctic_bernierexpedition"
3013;1261;"westbanks_bird_prey"
3014;4924;"cordio_east_africa_reef_building_corals_2014"
3015;4563;"isimangaliso_species_checklist_obis_jan_2014"
3016;4923;"dfo_mar_fishtagging"
3017;4922;"zd_1037"
3018;4921;"zd_1049"
3021;4919;"dfo_ios_arcticgroup"
3023;4918;"nafo_fishlarvae_icnaf"
3025;4917;"eshark_01"
3026;4916;"zd_945"
3028;4905;"zd_1061"
3029;4904;"zd_1006"
3031;4903;"zd_1059"
3034;4902;"benin_species_list"
3035;4901;"zd_1116"
3040;4873;"mbis_whiteshark"
3041;4819;"muricidae_fiji_tonga"
3042;2897;"gbif_13705"
3043;3196;"gbif_2688"
3044;2808;"gbif_3364"
3045;4543;"gbif_2593"
3046;2774;"gbif_1935"
3048;2806;"gbif_2509"
3049;2864;"gbif_8342"
3050;4555;"gbif_15000"
3051;2998;"gbif_14012"
3052;4545;"gbif_3325"
3053;2997;"gbif_13999"
3056;4854;"zd_1112"
3057;4870;"zd_1158"
3058;4880;"zd_1110"
3062;4823;"mpi_tag"
3063;2809;"gbif_8006"
3064;4537;"gbif_14563"
3065;4554;"gbif_14998"
3066;4553;"gbif_14999"
3067;4536;"gbif_14996"
3070;4548;"gbif_9186"
3071;4699;"zd_1000"
3073;4552;"gbif_14988"
3077;2861;"gbif_8303"
3078;4551;"gbif_14987"
3080;4215;"gbif_14568"
3081;3116;"gbif_14094"
3083;3182;"gbif_14244"
3084;4535;"gbif_15049"
3086;3189;"gbif_13998"
3088;3119;"gbif_14108"
3089;2999;"gbif_14014"
3091;2859;"gbif_8325"
3092;4547;"gbif_13522"
3093;2787;"gbif_7957"
3094;2786;"gbif_7953"
3095;3183;"gbif_13526"
3096;3186;"gbif_11792"
3097;4544;"gbif_14698"
3098;2865;"gbif_8356"
3099;2860;"gbif_8327"
3100;4556;"gbif_13523"
3101;2805;"gbif_8170"
3105;2992;"gbif_13994"
3107;2869;"gbif_8331"
3108;2873;"gbif_8358"
3109;2775;"gbif_8423"
3111;2813;"gbif_3309"
3112;2816;"gbif_1760"
3113;3198;"gbif_2839"
3114;4549;"gbif_15043"
3115;3233;"gbif_11861"
3116;4550;"gbif_14716"
3117;3192;"gbif_13482"
3118;3188;"gbif_14387"
3119;4010;"gbif_14227"
3124;2863;"gbif_8337"
3125;3187;"gbif_12028"
3126;4546;"gbif_3232"
3127;4534;"gbif_14975"
3128;2779;"gbif_1534"
3130;3193;"gbif_13992"
3131;3121;"gbif_14054"
3132;4807;"zd_1077"
3133;3659;"zd_439_1deg"
3143;628;"jaltablacksea"
3144;4476;"meiobenthos_interreg"
3145;4217;"gbif_14494"
3146;625;"kyklades"
3147;622;"mytilini"
3148;4469;"microzoo_alpeadria"
3149;4613;"colon_2000"
3150;4464;"mesozooplankton_lter"
3151;626;"megfeod"
3152;4624;"fishspecies_arta"
3153;2466;"pl_zo_monitoring"
3154;4616;"estuar_2000"
3155;4605;"leidenberger_md"
3161;4843;"zd_1152"
3162;4529;"zd_1014_1deg"
3169;4783;"geothermal_fumarole_subsurface_mt_erebus_antarctica"
3170;4731;"asteroids_and_ophiuroids_from_the_south-eastern_weddell_sea"
3171;4763;"echinoderms_hispaniola"
3172;2856;"gbif_8308"
3173;4795;"zd_1188"
3174;289;"saronikos"
3175;4468;"netplankton_alpeadria"
3176;4483;"picoplankton_sesame"
3177;4467;"alpeadria_phyto"
3178;4606;"leidenberger_od"
3180;624;"kerkyra"
3181;4440;"imr_herring_larvae_monitoring"
3182;4614;"demogr_2001"
3183;4465;"microphytobenthos_lter"
3184;2862;"gbif_8336"
3185;598;"benthoscretan"
3186;4617;"chert_2005_"
3187;4472;"mesozooplankton_interreg"
3188;2858;"gbif_8318"
3189;4621;"nagisa_species_2007_2008"
3190;4442;"capelin_larvae"
3191;4615;"micro_2000"
3192;4620;"easternmedsyllids"
3193;4611;"black_sea_harpacticoida"
3194;627;"strelbay"
3195;2855;"gbif_8306"
3196;4618;"olen_2007"
3197;4625;"zoobenthos_in_amvrakikos_wetlands"
3198;623;"kalamitsi"
3199;595;"aegeanpolychaetes"
3200;2804;"gbif_8106"
3201;4612;"blacksea_northwestern"
3204;4768;"crustalab"
3205;4767;"censo_biodiversidad_marina_miranda"
3206;4813;"inverte_museo_usb"
3207;4833;"pez_leon"
3208;4810;"kenya_eez_1975-2013"
3209;4821;"namibia_branch_2002"
3210;4804;"togo_phytoplankton"
3214;4861;"zd_1120_1deg"
3215;4728;"angola_nansclim_trawl"
3216;4848;"mbis_soviettrawl"
3217;4758;"mbis_tae"
3218;4766;"terranova"
3219;4738;"soviet_ant_exp"
3220;4739;"discovery_reports"
3242;4803;"imos_auscpr_phyto"
3243;4809;"mbis_nz"
3255;4869;"zd_1194"
3256;4865;"zd_1201"
3263;4844;"zd_1122_1deg"
3269;4730;"zd_994_1deg"
3282;1989;"zd_71_1deg"
3283;4817;"zd_1104_1deg"
3285;4841;"zd_1153"
3286;3074;"zd_705_1deg"
3293;4842;"zd_1150"
3296;4816;"zd_1102_1deg"
3302;4871;"zd_324_1deg"
3303;3525;"zd_48"
3313;3491;"zd_320_1deg"
3318;3465;"zd_753_1deg"
3320;3482;"zd_314_1deg"
3322;3483;"zd_313_1deg"
3327;3513;"zd_685_1deg"
3332;4792;"zd_1168"
3338;2825;"zd_496_1deg"
3339;4340;"zd_126_1deg"
3341;4789;"zd_1165"
3343;3276;"zd_810_1deg"
3349;4838;"zd_975_1deg"
3354;4746;"zd_974_1deg"
3355;4814;"zd_960_1deg"
3362;3633;"zd_487_1deg"
3364;4868;"zd_1192"
3365;3274;"zd_83_1deg"
3367;3273;"zd_74_1deg"
3373;4793;"zd_1169"
3375;3472;"zd_742_1deg"
3376;4260;"zd_888_1deg"
3379;4853;"zd_758_1deg"
3401;4794;"zd_1187"
3406;3267;"zd_70_1deg"
3408;4847;"zd_897_1deg"
3410;4878;"sefsc_cages_alabama_lengths_cpue_20141103"
3411;4881;"tpwd_harc_sabinelakebagseine_20141030"
3412;4879;"stable_isotopes_in_gom_seep_fauna"
3414;4883;"vims_neamap_20141028"
3422;4542;"diveboard"
3423;4438;"imr_zoopl_north_sea"
3424;630;"aegean_macro_fau"
3425;603;"macrof_bahia"
3426;4436;"imr_zoopl_bar_sea"
3427;4443;"imr_juveline_fish_monitoring"
3428;629;"lasp_black_sea"
3429;4444;"imr_macroplankton_surveys"
3430;4539;"imr_mareano_grab"
3431;4541;"imr_mareano_rpsledge"
3432;4437;"imr_zoopl_norw_sea"
3433;4540;"imr_mareano_beamtrawl"
3435;4966;"entomostraca_sobi_1923"
3441;4971;"otndalnsbluesharktracking"
3442;4972;"biochem_sameoto_frb282"
3443;5008;"fiji_sponges_algae"
3448;5007;"indianocean_ostracods"
3449;4969;"otnsharkspotterssharkspot"
3451;4975;"otnubcrabycohosalmontaggi"
3452;4976;"tibbo_swordfish"
3453;5001;"dfo_sabs_wildish_01"
3454;5002;"sabs_phyto_martin"
3455;5003;"otndfo-biodfoporbeaglean"
3456;5004;"encana_stonehouse_2002a"
3457;4967;"biochem_azmp_quebec_p"
3459;4974;"nafojournal_greenland_cod"
3460;4973;"nafo_hcatchstats_1"
3461;4960;"otnkrskintama2004-2011tag"
3462;4961;"frb_ms208_ios_nanoosebay_1966z"
3463;4962;"biochem_issungnak_01"
3464;4963;"otndaffgoukouestuaryfisht"
3465;4964;"otnrhodesupontadoourozamb"
3467;4965;"otnubccanadapacificsockey"
3468;4968;"frb_ms208_ios_nanoosebay_1966"
3470;5009;"ibss_fish_guinea_2015"
3472;4979;"campeche_fish"
3474;4978;"h_stipulacea"
3475;1983;"nagisa"
3494;4473;"microzoo_interreg"
3496;4355;"vliz_expeditiondata"
3497;4466;"picoplankton_northadriatic_lter"
3498;4474;"fitobenthos_intererg"
3499;4470;"macrobenthos_alpe_adria"
3500;4462;"gulf_of_trieste_lter_phytoplankton_time_series"
3501;4479;"mesozooplankton-prisma"
3505;5011;"baso_macroalgae"
3508;230;"demersais_survey_azores_1996_2013"
3509;5005;"ubc-algae-specimens"
3510;5010;"mna_database_tanaidacea"
3511;5006;"fishes"
3513;4993;"usgs_asc_polarbearmaternaldens_20150129"
3514;4992;"usgs_stcroix_marinefishes_20150129"
3517;4991;"tpwd_harc_texascorpuschristibay_gillnet_20150130"
3518;4981;"tpwd_harc_texasaransasbay_gillnet_20150130"
3519;4989;"usgs_southflorida_fian_harvest_20150129"
3520;4994;"tpwd_harc_texassabinelake_baytrawl_20150202"
3521;4988;"tpwd_harc_texasmatagordabay_gillnet_20150130"
3522;4987;"tpwd_harc_texassabinelake_gillnet_20150202"
3524;4985;"tpwd_harc_texasaransasbay_bagseine"
3525;4984;"tpwd_harc_texasaransasbay_trawl_20150130"
3526;4983;"tpwd_harc_texasupperlagunamadre_bagseine_20150202"
3527;4982;"tpwd_harc_texaslowerlagunamadre_bagseine_20150130"
3528;4996;"tpwd_harc_texaslowerlagunamadre_gillnet_20150130"
3531;4990;"tpwd_harc_texassanantoniobay_gillnet_20150202"
3532;5012;"tpwd_harc_upperlagunamadre_trawl_20150202"
3533;5013;"tpwd_harc_texasupperlagunamadre_gillnet_20150202"
3534;5014;"tpwd_harc_texasmatagordabay_bagseine_20150130"
3536;4999;"tpwd_harc_texassanantoniobay_trawl_20150202"
3537;4995;"tpwd_harc_texascorpuschristibay_trawl_20150130"
3538;4997;"tpwd_harc_texasmatagordabay_trawl_20150130"
3540;4779;"csiro_ss200702"
3541;3963;"csiro_anacc"
3542;4778;"csiro_ss200001"
3543;4770;"csiro_arafura_1984_1985"
3544;4777;"csiro_ss199701"
3545;4776;"csiro_ss199402"
3546;3966;"wam_ningaloo_crustacea"
3547;4774;"csiro_srfme_algal_biomass"
3548;4769;"csiro_ab_fish"
3549;4772;"csiro_norfanz_2003"
3550;4780;"csiro_ss200705"
3551;4775;"csiro_ss199101"
3552;3969;"wam_ningaloo_mollusca"
3553;3967;"wam_ningaloo_miz"
3554;4781;"csiro_wa_2005"
3555;3965;"csiro_ab_zooplankton"
3556;4056;"csiro_sefhes"
3557;3396;"csiro_gbr_sbd"
3558;3964;"brs_2000_2002"
3559;4771;"csiro_goc"
3560;4773;"csiro_soviet_fishery_data"
3562;5023;"prawns_fisheries_tanzania_2009"
3565;5022;"marine_fish_species_nigeria_2009"
3567;4409;"fito_rcu2"
3568;4406;"fito_rvi1"
3570;4481;"phytoplankton_sesame"
3577;4456;"zoopl_bpns"
3578;4659;"prm_ncv_obis_aves_t0"
3580;4454;"macro_wfd"
3582;4449;"epi_benth_windmills"
3585;4463;"microzoo_lter"
3586;4493;"coleta"
3592;4407;"fito_rvi3"
3593;4410;"fito_rgi2"
3594;5052;"otnubchinchtags"
3595;5054;"otnuwashessingtontags"
3596;5055;"cheticamp_1917phyto"
3597;5056;"biochem_issungnak_partb"
3598;5057;"otnosunoakestags"
3599;5058;"otnacadiaufrobisherbayca"
3600;5059;"mar_tremblay_scalloplarva"
3601;5060;"cheticamp_1917"
3602;5061;"otnnoaa-swfscmacfarlaneta"
3604;5062;"otndalnssouthernuplandsal"
3605;5064;"otnnsfisherieswestrivers"
3606;5065;"nrc_harmfulphytoplankton_gs"
3607;5066;"otnmedmr-bsrfhmainedmrco"
3608;5069;"otnuwashmelnychuktags"
3609;5070;"cheticamp_1917hydroids"
3610;5071;"frb27_thecatehydroids"
3611;5072;"tan0602"
3612;5073;"cairns1999corals"
3617;5035;"usgs_southflorida_fian_crustaceans"
3618;5036;"usgs_southflorida_fian_fish"
3620;5074;"zd_632"
3624;3370;"zd_203"
3625;2818;"zd_716"
3626;3132;"zd_833"
3627;5030;"zd_150"
3629;3500;"zd_235"
3631;3407;"zd_5"
3632;3385;"zd_195"
3738;5029;"obis_mbmcas_ys_ii"
3739;5025;"obis_iocas_esc_ii"
3740;5027;"obis_mbmcas_scs_ii"
3741;5026;"obis_mbmcas_scs_i"
3742;5024;"obis_iocas_ecs_i"
3743;5028;"obis_mbmcas_ys_i"
3747;4475;"macrobenthos_interreg"
3751;5081;"oist_kh00-01_sulu-celebes_cnidaria"
3752;5082;"jamstec_cem-ts"
3822;5018;"shark_bacterioplankton"
3823;5083;"bas_jr275_echinoidea"
3826;2454;"shark_zoobenthos"
3827;4401;"zoo_gi2"
3829;2452;"shark_zooplankton"
3830;5085;"cairns1997corals"
3831;5088;"phytoplanktonnorthernarabiansea"
3832;4400;"zoo_co2"
3833;5086;"smpatry_of_coral"
3834;5089;"cruise334legi"
3835;4404;"zoo_st6"
3836;2453;"shark_phytoplankton"
3837;4398;"zoo_vi1"
3838;5087;"cairns2004corals"
3840;4399;"zoo_vi3"
3841;4402;"zoo_st2"
3842;4403;"zoo_st4"
3843;5091;"asean_fish_occurrences_literature"
3844;5034;"usgs_southflorida_fian_braunblanquet"
3845;5090;"cruise334legii"
3846;4970;"nafo_hcatchstats_2"
3847;;"indobisdataset-22001-24000"
3848;5164;"censoemspv"
3849;;"indobisdataset-16001-18000"
3850;;"indobisdataset-60001-62000"
3851;;"indobisdataset-70001-72000"
3852;5165;"westpac_chromis"
3853;;"indobisdataset-64001-66000"
3854;;"indobisdataset-82001-84000"
3855;;"indobisdataset-62001-64000"
3856;;"indobisdataset-76001-78000"
3857;;"indobisdataset-50001-52000"
3858;5167;"rhodolithhabitats"
3859;;"indobisdataset-90001-92000"
3860;4609;"echinodermata_of_montenegro"
3861;;"indobisdataset-12001-14000"
3862;;"indobisdataset-34001-36000"
3863;;"indobisdataset-68001-70000"
3865;;"indobisdataset8001-10000"
3866;;"indobisdataset-56001-58000"
3867;;"indobisdataset2001-4000"
3869;;"indobisdataset-48001-50000"
3870;;"indobisdataset-20001-22000"
3871;;"indobisdataset-66001-68000"
3872;;"indobisdataset-26001-28000"
3873;;"indobisdataset-24001-26000"
3874;;"indobisdataset-92001-93629"
3875;;"indobisdataset-30001-32000"
3876;;"indobisdataset-40001-42000"
3878;;"indobisdataset4001-6000"
3879;;"indobisdataset-54001-56000"
3880;;"indobisdataset-38001-40000"
3881;;"indobisdataset-46001-48000"
3882;4450;"epi_benth_long_term"
3883;5000;"tpwd_harc_texaslowerlagunamadre_trawl_20150130"
3884;5168;"harasewych2011columbariinae"
3885;5169;"asean_fish_occurrences_museums"
3886;;"indobisdataset-44001-46000"
3887;;"indobisdataset6001-8000"
3888;;"indobisdataset-36001-38000"
3889;;"indobisdataset-18001-20000"
3890;;"indobisdataset-42001-44000"
3891;;"indobisdataset-72001-74000"
3892;;"indobisdataset-80001-82000"
3893;;"indobisdataset1-2000"
3898;;"indobisdataset-14001-16000"
3899;;"indobisdataset-10001-12000"
3900;;"indobisdataset-86001-88000"
3901;;"indobisdataset-32001-34000"
3902;;"indobisdataset-74001-76000"
3903;;"indobisdataset-28001-30000"
3904;5170;"niue_blenniids"
3905;5171;"bythograeidae"
3906;5172;"mclachlan_09"
3907;5175;"phytoplanktondatasetsfromnortheasternarabianseageneratedonboardforvsagarsampada"
3908;;"indobisdataset-58001-60000"
3909;5173;"aei2015_cbu_01"
3910;5176;"alvinocaridi_shrimps"
3911;5174;"aei_bellmacfarlane_algae1933a"
3917;4418;"cp-eggs"
3918;4216;"gbif_14490"
3919;5049;"gorl"
3920;4494;"danishbenthicmonitoring"
3921;4420;"eel"
3922;4423;"ihls"
3923;5077;"deepsea_antipatharia"
3924;5097;"deepsea_aplacophora"
3925;5122;"deepsea_ascidiacea"
3926;5124;"deepsea_asteroidea"
3927;4439;"imr_fish_eggs_survey"
3928;4281;"zd_925"
3929;5217;"cbu_brasdorwatch_2015"
3930;2470;"megs"
3931;5218;"hab_columbia"
3932;5219;"hab_elsalvador"
3933;5221;"hab_jamaica"
3934;5223;"hab_panama"
3935;5231;"acadia_partridge2000msc"
3936;5234;"aims_fish_1992_2015"
3937;5230;"amphiprionbarberi"
3938;5232;"dfo_nl_codtagging"
3939;5224;"hab_cuba"
3940;5225;"hab_guatemala"
3941;5226;"hab_nicaragua"
3942;5228;"nearshorereeffishes"
3943;5229;"nzanglerfishes"
3944;5235;"sea_cruise_c247_2013"
3945;5227;"test_hab_01"
3946;5236;"usgs_nas"
3948;5238;"usgs_nas_nonfish"
3949;5184;"worms_type_localities"
3950;5233;"sizinggiants"
3951;;"indobisdataset-52001-54000"
3962;3972;"noaa_nbi"
3963;5239;"noaa_coralreefmonitoring_lpipercentcover"
3965;4679;"popa_birds_sightings_while_live_bait_fishing_1998_2013"
3966;5334;"zd_1263"
3967;5329;"zd_1213_1deg"
3968;;"zd_644_1deg"
3969;;"zd_718_1deg"
3970;;"zd_503_1deg"
3971;5380;"zd_1362"
3972;5328;"zd_1324_1deg"
3973;;"zd_783_1deg"
3974;;"zd_510_1deg"
3975;;"zd_1176_1deg"
3976;5308;"zd_1251_1deg"
3977;;"zd_449_1deg"
3978;5344;"zd_1338_1deg"
3979;5310;"zd_1237"
3980;;"zd_955_1deg"
3981;4680;"popa_marine_birds_sightings_2000_2013"
3982;;"zd_580_1deg"
3983;5316;"zd_1247"
3984;;"zd_394_1deg"
3985;5342;"zd_1215_1deg"
3986;;"zd_796_1deg"
3987;;"zd_403_1deg"
3988;5301;"canfishexped_gran"
3989;5131;"deepsea_cirripedia"
3990;5312;"zd_1241"
3991;;"zd_883_1deg"
3992;;"zd_800_1deg"
3993;5317;"zd_1249"
3994;5296;"frb_ms883_maclellansprague"
3995;5333;"zd_1341"
3996;;"zd_979_1deg"
3997;;"zd_583_1deg"
3998;;"zd_505_1deg"
3999;5361;"zd_1225_1deg"
4000;;"zd_801_1deg"
4001;;"zd_573_1deg"
4002;4477;"prisma-phytoplankton"
4003;5337;"zd_1182"
4004;5351;"zd_1211_1deg"
4005;;"zd_978_1deg"
4006;5370;"zd_1308_1deg"
4007;;"zd_932_1deg"
4008;;"zd_1018_1deg"
4009;4673;"popa_bait_in_the_fishery_1998_2013"
4010;;"zd_421_1deg"
4011;;"zd_1085_1deg"
4012;;"zd_930_1deg"
4014;;"zd_655_1deg"
4015;5304;"disbl_lwto-kanagawa"
4016;5127;"deepsea_bivalvia"
4017;5295;"harding_mcgill_msc_1966"
4018;;"scrosati_watt_2014_e095-123-d1"
4019;;"zd_1024_1deg"
4020;;"zd_786_1deg"
4021;;"zd_1084_1deg"
4022;;"zd_392_1deg"
4023;;"zd_1083_1deg"
4024;;"zd_854_1deg"
4025;;"zd_336_1deg"
4026;;"zd_733_1deg"
4027;5373;"zd_1330_1deg"
4028;5291;"smb_cladocera_tr698"
4029;;"zd_1080_1deg"
4030;5326;"zd_1277"
4031;5305;"elmo"
4032;;"zd_846_1deg"
4033;;"zd_1366_1deg"
4034;5345;"zd_1322_1deg"
4035;5290;"smb_phyto_saifullah"
4036;;"zd_782_1deg"
4037;;"zd_1022_1deg"
4038;;"zd_984_1deg"
4039;;"zd_491_1deg"
4040;;"zd_540_1deg"
4041;;"zd_341_1deg"
4042;;"zd_441_1deg"
4043;5364;"zd_1298_1deg"
4044;5129;"deepsea_bryozoa"
4045;5371;"zd_1334_1deg"
4046;;"zd_767_1deg"
4047;4471;"phyto-interreg"
4048;;"zd_1174_1deg"
4049;5149;"deepsea_xenophyophores"
4050;5377;"zd_1314_1deg"
4051;5381;"zd_1364"
4052;5369;"zd_1348_1deg"
4053;5302;"calder_capecodbioticcensus"
4054;5314;"zd_1118_1deg"
4055;5323;"zd_1259"
4056;;"zd_953_1deg"
4057;5382;"zd_1354"
4058;;"zd_390_1deg"
4059;5321;"zd_1271"
4060;5383;"zd_1356"
4061;;"zd_850_1deg"
4062;;"microzooplankton-prisma"
4064;;"zd_575_1deg"
4065;;"zd_727_1deg"
4066;4676;"popa_marine_mammals_sightings_during_livebait_capture_1998_2013"
4067;;"zd_479_1deg"
4068;5359;"zd_1190"
4069;5330;"zd_1267_1deg"
4070;4675;"popa_marine_mammals_sighting_during_fishery_operation_1998_2013"
4071;5303;"calder_belize_hydrob1991"
4072;5376;"zd_1219_1deg"
4073;;"zd_448_1deg"
4074;;"zd_760_1deg"
4075;;"zd_983_1deg"
4077;;"zd_980_1deg"
4078;;"zd_402_1deg"
4079;;"zd_553_1deg"
4080;;"zd_815_1deg"
4081;;"zd_1025_1deg"
4082;5386;"zd_1279_1deg"
4083;5299;"eac_epibiotascallopshells"
4084;5335;"zd_1264"
4085;;"zd_982_1deg"
4086;;"zd_954_1deg"
4087;5355;"zd_1265_1deg"
4088;5388;"zd_1229"
4089;5367;"zd_1227_1deg"
4090;;"zd_550_1deg"
4091;5327;"zd_1289"
4092;;"zd_469_1deg"
4094;;"zd_996_1deg"
4095;;"zd_724_1deg"
4096;;"zd_1346_1deg"
4097;5336;"zd_1180"
4098;;"zd_547_1deg"
4099;;"zd_346_1deg"
4100;5365;"zd_1166"
4101;5352;"zd_1336_1deg"
4102;;"zd_1130_1deg"
4103;5128;"deepsea_brachiopoda"
4104;5134;"deepsea_echinoidea"
4105;;"zd_933_1deg"
4106;5368;"zd_1253_1deg"
4108;;"zd_1368_1deg"
4109;;"zd_492_1deg"
4110;5340;"zd_1342_1deg"
4111;;"zd_693_1deg"
4112;;"zd_349_1deg"
4113;;"zd_660_1deg"
4114;;"zd_929_1deg"
4115;;"zd_817_1deg"
4117;;"zd_443_1deg"
4118;;"zd_768_1deg"
4119;;"zd_653_1deg"
4120;5378;"zd_1350"
4121;5346;"zd_1302_1deg"
4122;;"zd_347_1deg"
4123;;"zd_1178_1deg"
4124;;"zd_1003_1deg"
4125;;"zd_1148_1deg"
4126;;"zd_410_1deg"
4127;;"zd_523_1deg"
4128;;"zd_381_1deg"
4129;;"zd_1082_1deg"
4130;;"zd_447_1deg"
4131;5354;"zd_1304_1deg"
4132;5130;"deepsea_ceriantharia"
4133;5298;"frb_1958_jermolajev"
4134;;"zd_658_1deg"
4135;5356;"zd_1261_1deg"
4136;5325;"zd_1275"
4137;;"zd_470_1deg"
4138;5320;"zd_1269"
4139;;"zd_1008_1deg"
4140;5350;"zd_1300_1deg"
4141;5375;"zd_1326_1deg"
4142;;"zd_364_1deg"
4143;;"zd_405_1deg"
4144;;"zd_404_1deg"
4145;;"zd_1146_1deg"
4146;5348;"zd_1257_1deg"
4147;4681;"popa_tuna_recorded_in_the_fishery_1998_2013"
4148;5403;"zd_1217_1deg"
4149;5324;"zd_1273"
4150;;"zd_1255_1deg"
4151;5318;"zd_1233"
4152;;"zd_952_1deg"
4153;3354;"zd_798"
4154;;"zd_841_1deg"
4155;5142;"deepsea_ostracoda"
4156;;"zd_879_1deg"
4157;5357;"zd_1221_1deg"
4158;5349;"zd_1284_1deg"
4159;;"zd_1142_1deg"
4160;;"zd_542_1deg"
4161;;"zd_1170_1deg"
4162;;"zd_1318_1deg"
4163;5372;"zd_1332_1deg"
4164;;"zd_1108_1deg"
4165;;"zd_890_1deg"
4166;;"zd_368_1deg"
4167;;"zd_802_1deg"
4168;5343;"zd_1328_1deg"
4169;5358;"zd_1340"
4170;;"zd_734_1deg"
4171;;"zd_1132_1deg"
4172;;"zd_1199_1deg"
4173;5387;"zd_1205_1deg"
4174;;"zd_373_1deg"
4175;1832;"mobius"
4176;;"zd_843_1deg"
4177;5379;"zd_1352"
4178;;"zd_998_1deg"
4179;5360;"zd_1282_1deg"
4180;;"zd_951_1deg"
4181;5306;"rbins_joiris_2013_ps81_birds_mammals"
4182;;"zd_485_1deg"
4183;;"zd_725_1deg"
4184;;"zd_367_1deg"
4185;;"zd_1344_1deg"
4186;;"zd_1197_1deg"
4187;;"zd_649_1deg"
4188;5363;"zd_1286_1deg"
4189;;"zd_769_1deg"
4190;5319;"zd_1243"
4191;;"zd_350_1deg"
4192;;"zd_931_1deg"
4193;;"zd_444_1deg"
4194;5297;"frb_ms145_peer"
4195;;"zd_552_1deg"
4196;;"zd_1156_1deg"
4197;;"zd_413_1deg"
4198;;"zd_546_1deg"
4199;5136;"deepsea_gastropoda"
4200;5392;"zd_1209_1deg"
4201;;"zd_375_1deg"
4202;;"zd_1087_1deg"
4203;;"zd_956_1deg"
4204;;"zd_1002_1deg"
4205;;"zd_317_1deg"
4206;;"zd_981_1deg"
4207;;"zd_419_1deg"
4208;5300;"canso_robinson1907_seaweeds"
4209;5311;"zd_1235"
4210;;"zd_1185_1deg"
4211;5353;"zd_1312_1deg"
4212;;"zd_572_1deg"
4213;5294;"mel_hildebrand_tr1036"
4214;;"zd_781_1deg"
4215;5331;"zd_1281"
4216;;"zd_1086_1deg"
4217;1990;"zd_1183"
4218;5133;"deepsea_crinoidea"
4219;5315;"zd_1245"
4220;;"zd_886_1deg"
4221;5389;"zd_1231"
4222;5332;"zd_1292_1deg"
4223;5322;"zd_1288"
4224;5393;"zd_1306_1deg"
4225;;"zd_316_1deg"
4226;5366;"zd_1294_1deg"
4227;861;"manuela_c6f"
4228;;"zd_556_1deg"
4229;5307;"cbird_monitoringplan_a2"
4230;;"zd_594_1deg"
4231;4998;"tpwd_harc_texassanantoniobay_bagseine_20150202"
4232;5292;"hudson70_seabirds_cookemills"
4233;;"zd_500_1deg"
4234;5313;"zd_1239"
4235;5289;"hughes_pei_bedequebay_1967"
4236;;"zd_446_1deg"
4237;5339;"zd_1223_1deg"
4238;;"zd_1134_1deg"
4239;3592;"zd_477_1deg"
4240;4986;"tpwd_harc_texascorpuschristie_bagseine_20150130"
4241;5362;"zd_1316_1deg"
4242;;"zd_1081_1deg"
4243;4897;"zd_1128"
4244;5385;"zd_1360"
4245;5384;"zd_1358"
4246;;"zd_1100_1deg"
4247;;"zd_985_1deg"
4248;3607;"zd_360"
4249;5147;"deepsea_scleractinia"
4250;5140;"deepsea_mysida"
4251;4671;"be_marine_mammals_sightings_2004_2013"
4252;4684;"be_turtle_sightings_2004_2013"
4253;5145;"deepsea_porifera"
4254;5141;"deepsea_ophiuroidea"
4255;5138;"deepsea_monoplacophora"
4256;5146;"deepsea_pycnogonida"
4257;;"popa_birds_sightings_while_fishing_1998_2013"
4258;4674;"popa_discards_in_the_fishery_1998_2013"
4259;5137;"deepsea_holothuroidea"
4260;5135;"deepsea_echiura"
4261;4677;"popa_marine_mammals_sightings_1998_2013"
4262;4672;"popa_fisheries_bycatch_2000_2013"
4263;4683;"be_bird_sightings_2004_2013"
4264;4682;"popa_turtles_sightings_azores_1998_2013"
4265;5288;"vme_inverts"
4266;5287;"mbis_caml"
4267;5286;"lfulviflamma"
4268;4451;"macro_aggregate"
4269;5559;"drytortugasreefvisualcensus2000"
4270;5515;"egyptexpeditionascidiacea"
4271;2498;"polish_ferrybox_phytoplankton_data"
4272;5516;"egyptexpeditionpantopoda"
4273;5256;"benthos_blackseacruises_2003_2011"
4275;5517;"thorexpedition_engraulidaeclupeidae"
4276;4408;"rad_co_e2_phyto"
4277;5586;"bdcj_mot-rs"
4278;5565;"csiro_nw_shelf_demersal"
4279;5562;"usgs_pwrc_seabirdscompendium"
4280;5563;"echinoids_kerguelen_plateau_1872_2015"
4281;5552;"floridakeysreefvisualcensus2014"
4282;5579;"leopard_seals"
4283;5101;"denmark_fish_1921_1953"
4284;5536;"protected_species_bycatch_nz"
4285;4623;"fishspecies-preveza"
4286;5566;"csiro_jack_mackeral_1975_1978"
4287;5567;"csiro_fish_survey_1978_1979"
4288;4447;"epi_benth_aggregate"
4290;5580;"acadia_gratto78_minasbasin"
4291;5518;"kalloni_saltworks_phd"
4292;5587;"s9-5_asia-pacific"
4293;5519;"egyptexpeditionpolychaeta"
4294;4662;"imares_voordelta"
4296;5283;"imagedop_video_annotations"
4298;2467;"polish_monitoring_macrozoobenthos_data"
4299;5260;"ukranianromanian_benthos_blacksea_1997"
4300;4660;"deltares_fish"
4302;4453;"macro_long_term"
4303;5568;"csiro_orange_roughy_1987_1990"
4304;5569;"seabird_atlas_southeast_australia"
4305;5535;"danaexpedition"
4306;4667;"romania_phytoplankton_1956"
4307;5585;"ccz_uk1_echinodermata"
4308;5574;"georgy_ushakov_1992"
4309;5398;"scuba_diving_visual_census"
4310;5575;"ernst_krenkel_1992"
4311;4624;"fishspecies-arta"
4312;5100;"denmark_macrobenthos_1908_1963"
4313;5551;"floridakeysreefvisualcensus2004"
4314;5581;"caisin_benthicinverts_goldsmit"
4315;5582;"brierisland_birds"
4316;5558;"drytortugasreefvisualcensus1999"
4317;5583;"acap_humberarm_2012-2014"
4318;5550;"floridakeysreefvisualcensus2001"
4319;5257;"blacksea_historicalbenthosdata_1954_1968"
4320;5549;"floridakeysreefvisualcensus1995"
4321;5548;"floridakeysreefvisualcensus2000"
4322;5533;"naturewatchnz"
4323;5534;"nztriplefin_gymnota"
4324;5561;"usgs_nas_tigershrimp"
4325;5560;"noaa_dsc_rtp"
4326;5570;"csiro_eac_eddy_1978_1984"
4327;5547;"floridakeysreefvisualcensus2008"
4328;5394;"long_term_2001forward"
4329;5520;"thorexpedition_pelagicpolychaetes"
4330;2464;"polish_monitoring_phytobenthos_data"
4331;5588;"bdcj_mot-ab"
4332;5576;"fish_data_krill_fishing_antarctic"
4333;5546;"floridakeysreefvisualcensus2005"
4334;5521;"egyptexpeditiondecapoda"
4335;5532;"jcaveorum"
4336;5522;"egyptexpeditioncumaceastomatopodaleptostacaea"
4337;5557;"drytortugasreefvisualcensus2012"
4338;5542;"floridakeysreefvisualcensus1997"
4339;5523;"egyptexpeditionamphipoda"
4340;5556;"drytortugasreefvisualcensus2014"
4341;5543;"ccz_uk1_cnidaria"
4342;5524;"egyptexpeditionhydroidea"
4343;5555;"drytortugasreefvisualcensus2006"
4344;5525;"egyptexpeditionmollusca"
4345;5577;"whale_observation_ccamlr_ukrsces"
4346;5261;"ukranianromanian_benthos_blacksea_iaea_1998"
4347;5545;"floridakeysreefvisualcensus2006"
4348;5571;"csiro_fish_survey_1980"
4349;5526;"egyptexpeditionsipunculoideaphoronidaebrachiopodaenteropneustaacrania"
4350;5527;"egyptexpeditionechinoderma"
4351;5528;"egyptexpeditioncirripeds"
4352;2463;"polish_monitoring_phytoplankton_data"
4354;5541;"floridakeysreefvisualcensus2003"
4355;5584;"acadia_nagisa"
4356;5564;"asti_marine"
4357;4452;"macro_dredge"
4358;5589;"bdcj_mot-sb"
4359;4448;"epi_benth_dredge"
4360;5578;"viktor_bugaev_1993"
4361;5554;"drytortugasreefvisualcensus2010"
4362;5259;"predeltaicblacksea_historicalbenthosdata_1960"
4363;5572;"seabirds_anson"
4364;5540;"floridakeysreefvisualcensus1998"
4365;5553;"drytortugasreefvisualcensus2004"
4366;4059;"comargis"
4367;5539;"floridakeysreefvisualcensus2010"
4368;5538;"floridakeysreefvisualcensus2007"
4369;5529;"thorexpedition_k1_calcareous_algae"
4370;5537;"floridakeysreefvisualcensus2011"
4371;5573;"csiro_bottom_trawls_1898_1996"
4372;5258;"blacksea_historicalbenthosdata_1959_1961"
4373;5530;"egyptexpeditiontanaidaceaisopoda"
4374;5247;"dassh"
4375;;"arcod_2009b2"
4376;;"arcod_2008i3"
4377;;"arcod_2006b8"
4378;;"cfn_87_bleakney_mcailister_fish"
4379;;"zd_1310_1deg"
4380;;"arcod_2009i1"
4381;;"zd_1383_1deg"
4382;;"bdcj_mot-tf"
4383;;"phyto_fb09"
4384;;"arobis-cenpat-cadic-mammalobs"
4385;;"cfn_66_scott_greenlandcod"
4386;;"barents_2006p7"
4387;;"arcod_2009p3"
4388;;"polychaete_egypt"
4389;;"csiro_handfish"
4390;;"arcod_2007i3"
4391;;"acer_minasbasin_intertidalweirs"
4392;5474;"benthos_plumejeaud_perreau"
4393;;"in2016_v06_wov"
4394;;"arcod_2006b3"
4395;;"arc_2007f1"
4396;;"08_p6zoo"
4397;;"arcod_2005o2"
4399;5514;"reference_collection_lifewatch"
4400;;"arcod_2008i2"
4401;;"spider"
4402;;"prfm_obsdata"
4403;;"arcod_2007p6"
4404;;"arcod_2009p4"
4405;;"arctic_2008p7"
4406;;"upei_estuarine_icthyoplankton"
4407;;"acadia_oconnor2008msc"
4408;;"barents_2006p6"
4409;;"arcod_2008i1"
4410;;"zd_1296_1deg"
4411;;"arc_2008b2"
4413;;"arcod_2006p5"
4414;;"arcod_2007i2"
4416;;"zd_774"
4417;;"zd_1428_1deg"
4418;;"arcod_2006p8"
4419;;"arc_2009b5"
4420;;"imos_auscpr_zoop"
4422;;"arcod_2007p3"
4424;;"zd_1430_1deg"
4425;;"arcod_2006p9"
4426;;"zd_1401_1deg"
4428;;"arcod_2006p3"
4429;;"zd_1444_1deg"
4430;;"zd_1386_1deg"
4431;;"in2016_t02_wov"
4432;;"arcod_2007i1"
4433;;"zd_1434_1deg"
4434;;"nsis_v29_p4_a5_bleakney_meyer"
4435;;"cbu_muggahcreek_lobstermussels"
4436;;"arcod_2009p5"
4437;;"arc_2008b4"
4438;;"me2008g"
4439;;"zd_776"
4440;;"chukchi_2009p2"
4441;;"vims_chesmmap"
4442;;"flmnh_iz"
4443;;"arcod_2009p1"
4444;;"arcod_2007b2"
4445;;"arcod_2007b5"
4446;;"zd_1419_1deg"
4447;;"arcod_2007p7"
4448;;"arcod_2008p10"
4449;;"arcod_2005b1"
4450;;"arcod_2007b3"
4451;4412;"ifremer_rebent"
4452;;"arcod_2006i1"
4453;;"arcod_2006b2"
4454;;"nematodesportuguesecanyons"
4455;;"muskox"
4456;;"zd_1409_1deg"
4457;;"boem_alaska_2008"
4458;;"demersaldatasurvey"
4459;;"arcod_2006b1"
4460;;"arcod_2007p4"
4461;;"09_b1zoo"
4462;;"arcod_2008i5"
4463;;"zd_1407_1deg"
4464;;"polychaete_alex"
4465;;"rb_zoo"
4466;;"arc_2008b8"
4467;;"syllidae_egypt"
4468;;"arc_2009p6"
4469;;"arcod_2007p1"
4470;;"as_zoo"
4471;;"arcod_2006p1"
4472;;"zd_1432_1deg"
4473;;"arcod_2006p2"
4474;;"zd_1415_1deg"
4475;;"arcod_2006b7"
4476;;"deep_atlantic_bivalves"
4477;;"rachel_lissarca_notorcadensis"
4479;;"uwfc"
4480;;"zoo_bs10"
4481;;"arc_2009b4"
4482;;"arcod_2008i4"
4483;;"cws_atlantic_colonydbase"
4485;;"barents_2008b5"
4486;;"arcod_2006b4"
4487;;"arcod_2006p4"
4488;;"arcod_2007p5"
4489;;"frb77_sullivan_1948"
4490;155;"esas_inbo"
4491;;"zd_1388_1deg"
4492;;"arc_2007i4"
4493;;"arcod_2007b4"
4495;;"nsis_v20_p2_a1_needler"
4496;;"arcod_2009b3"
4497;;"syltroads1998"
4498;;"zd_1397"
4499;;"fish_gazi_creek_1990_1991"
4500;;"csiro_gummy_sharks"
4501;;"magnt_porifera"
4502;;"imos_azd_data"
4503;;"zooplankton_gazi_bay_1990_1992"
4504;;"codiales_kenya_1985_1993"
4505;;"waterbird_survey_kenya_1996"
4506;;"meiobenthos_epifauna_gazi_bay_1992"
4507;;"zd_1483_1deg"
4508;;"syltroads1993"
4509;;"sam_ichthyology"
4510;;"syltroads2006"
4511;;"epifauna_mangrove_1992"
4512;;"zd_1471"
4513;;"vegetation_gazi_bay_1987"
4514;;"vegetation_gazi_bay_kenya_1987"
4515;;"syltroads1994"
4516;;"zd_1403"
4517;;"nrc_coolia_2017"
4518;;"meiobenthos_gazi_1989"
4519;;"library_martinangel_halocyprida"
4520;;"mangrove_oyster_gazi_may_1995"
4521;;"meiobenthos_gazi_bay_1992"
4522;;"syltroads1995"
4523;;"syltroads1999"
4524;;"syltroads2001"
4525;;"fish_port_reitz_1985"
4526;;"epiphytic_algae_gazi"
4527;;"qm_corals"
4528;;"tropical_mysidacea"
4529;;"zd_1398"
4530;;"epibionts_on_caribbean_mangrove_roots_venezuela"
4531;;"hyperbenthic_gazi_bay_1994"
4532;;"zd_1406"
4533;;"nematode_gazi_bay_1989"
4534;;"zd_1462"
4535;;"macrofauna_gazi_kanamai_malindi_1985_1986"
4536;;"dal_breen_metaxas_crabs_2009"
4537;;"santi_medici_giannetto_trawl_survey_1972_1975_1981"
4538;;"mangrove_1985_1986"
4539;;"magnt_malacology"
4540;;"zd_1502_1deg"
4541;;"zd_1492_1deg"
4542;;"echinothrix_diadema_kenya_1997"
4543;;"acef_nt_seabirds"
4544;;"syltroads1997"
4545;;"zd_563"
4546;;"zd_1404"
4547;;"floridakeysreefvisualcensus2016"
4548;;"zd_483"
4549;;"magnt_ichthyology"
4550;;"dem_datasurv_mau"
4551;;"wam_ichthyology"
4552;;"zd_1498_1deg"
4554;;"aodn_nt_sattag_oliveridley_location_data"
4555;;"ichthyofauna_gazi_bay_1994_1996"
4556;;"zd_1488_1deg"
4557;;"cladophorales_kenyan_1985_1992"
4558;;"abyssline_uksrlcontractarea_ccz_megafauna_echinodermata_2013_2015"
4559;;"zooplankton_gazi_1990_1991"
4560;;"imos_aatams"
4561;;"floridakeysreefvisualcensus1996"
4562;;"diatoms_gazi_bay_1991"
4564;;"dynamics_penaeidae_1986"
4565;;"macrobenthos_interactions_1992"
4566;;"zd_1381"
4567;;"zd_1375"
4569;;"zooplankton_fort_jesus_1985_1986"
4570;;"syltroads2004"
4571;;"zd_1481"
4572;;"copepods_mombasa_1984_1985"
4573;;"csiro_anfc"
4574;;"syltroads2009"
4575;;"bios_predvodnik_1_trawl_survey_1957_1958"
4576;;"portauthority"
4577;;"copepoda_gazi_bay_july_august_1996"
4578;;"syltroads2007"
4579;;"corals_kenyan_coast"
4580;;"syltroads2005"
4581;;"syltroads2013"
4582;;"acef_seagrass_2005"
4583;;"abyssline_uksrl_contract_area_ccz_megafauna_2013-2015_chordata"
4584;;"zd_1405"
4585;;"bios_predvodnik_2_trawl_survey_1956_1971"
4586;;"strandings2017"
4587;;"abyssline_uksrl_contract_area_ccz_megafauna_2013-2015_mollusca"
4588;;"imos_apd_data"
4589;;"zd_1423"
4590;;"mysidacea_gazi_bay_1994_night"
4591;;"zd_1454_1deg"
4592;;"benthos_gazi_bay_summary"
4593;;"syltroads1992"
4594;;"acer_lisp1989_fish"
4595;;"syltroads2010"
4596;;"gracilaria_mackenzie_1986"
4597;;"zd_1421"
4598;;"ichthyofauna_gazi_bay_1993"
4599;;"epibenthic_gazi_bay_1994"
4600;;"pipeta_1_trawl_survey_1982_benthos"
4601;;"syltroads2011"
4602;;"csiro_ss200507"
4603;;"wam_marine_inverts"
4604;;"sam_marine_inverts"
4605;;"zd_1490_1deg"
4606;;"anfipodosbentonicos_bancodecampeche_mexico"
4607;;"abyssline_uksrl_contract_area_ccz_megafauna_2013-2015_ctenophora"
4608;;"usgs_glsc_rvcat_trawl"
4609;;"qm_porifera"
4610;;"deepsea_polychaetes"
4611;;"trott_cobscookbayinventory"
4612;;"csiro_jbmes"
4613;;"2009floridakeysrvc"
4614;;"zd_1479"
4615;;"wa_seabirds"
4616;;"syltroads1996"
4617;;"typhloplanoida_southern_hemisphere"
4618;;"zd_1392"
4619;;"syltroads1989"
4620;;"syltroads2008"
4621;;"zd_1459_1deg"
4622;;"zd_1456_1deg"
4623;;"am_marine_inverts"
4624;;"dictyotales_kenya_tanzania_1985_1994"
4625;;"ceramiaceae_east_african_coast_1985_1997"
4626;;"nsis_v29_p2_a11_seve"
4627;;"nesp_tasfracture_cmr_lobpotting"
4628;;"sam_marine_ornithology"
4629;;"abyssline_uksrlcontractarea_ccz_megafauna_annelida_2013_2015"
4630;;"acadia_munroe2010bsc"
4631;;"meiobenthos_gazi_bay_1996"
4632;;"kapala"
4633;;"phytoplankton_adricosm_star_2008_2009"
4634;;"imagedop_video_annotations_condor_seamount"
4635;;"acef_marine_turtle_nests"
4636;;"zd_1512_1deg"
4637;;"sam_marine_mammalogy"
4638;;"nmv_marine_ornithology"
4639;;"fkrvc2002"
4640;;"tasmanian_molluscs"
4641;;"abyssline_uksrl_contract_area_ccz_megafauna_2013-2015_bryozoa"
4642;;"macroalgae_mombasa_1985"
4643;;"syltroads2002"
4644;;"anmn_nrs_bgc_plankton_phytoplankton_data"
4645;;"drytortugasreefvisualcensus2016"
4646;;"abyssline_uksrl_contract_area_ccz_megafauna_2013-2015_arthropoda"
4647;;"epibenthic_fish_gazi_bay_july_1996"
4648;;"csiro_anwc_marine"
4649;;"zd_1467"
4650;;"zd_1370"
4651;;"dictyopteris_western_indian_ocean_1985_1999"
4652;;"mesozooplankton_prisma"
4653;;"zd_1469_1deg"
4654;;"syltroads2012"
4655;;"zooplankton_shirazi_1998"
4656;;"echinoderms_bangor_watamu_expedition_1969"
4657;;"zd_1475"
4658;;"avicennia_gazi_bay_1992"
4659;;"aodn_nt_sattag_hawksbill_gps_location_data"
4660;;"syltroads1991"
4661;;"csiro_tt200801"
4662;;"mleonina_juv"
4663;;"microphytoplankton_kenyan_coast_1993"
4664;;"qm_fish"
4665;;"zd_1494"
4666;;"copepods_mombasa_1984_1987"
4667;;"zd_1473"
4668;;"chert_2005"
4669;;"acef_triap_birds"
4670;;"zd_1450_1deg"
4671;;"zd_1495"
4672;;"syltroads2000"
4673;;"cbu_moonjelly_2017"
4674;;"mangrove_ecosystem_gazi_kenya_august_1989"
4675;;"pipeta_2_trawl_survey_1988_1991"
4676;;"2012floridakeys"
4677;;"zd_1514_1deg"
4678;;"nmv_marine_mammals"
4679;;"syltroads2003"
4680;;"qm_crustaceans"
4681;;"tmag_marine"
4682;;"zd_934_1deg"
4683;;"syltroads1990"
4684;;"zd_1458"
4685;;"syltroads1987"
4686;;"am_ichthyology"
4687;;"csiro_ss200803"
4688;;"zd_1373"
4689;;"qm_molluscs"
4690;;"kenyan_brachyuran_mangrove_crabs_1998_1999"
4691;;"am_ornithology"
4692;;"sea_urchins_mombasa_mmnp_1994_1995"
4693;;"marine_flora_kenyan_1986_1987"
4694;;"birdlife_longline"
4695;;"anmn_nrs_bgc_plankton_zooplankton_data"
4696;;"zd_1394"
4697;;"zd_1452_1deg"
4698;;"zd_1477"
4699;;"mna_antarctic_ophiuroidea"
4700;;"siphonocladales_kenyan_coast_1985"
4701;;"24hrs_zooplankton_1985_1986"
4702;;"phytoplankton_ferriera"
4703;;"zd_1379"
4705;;"floridakeysreefvisualcensus1994"
4706;;"zd_1377"
4707;;"mleonina_adufem"
4708;;"hvar_trawl_survey_1948_1949"
4709;;"zd_1400"
4710;;"hyperbenthos_gazi_bay_1994"
4711;;"vegetation_gazi_1989"
4712;;"kenyan_reef_corals_1990"
4713;;"acer_kejiseasideadjunct"
4714;;"regeneration_east_african_mangroves"
4715;;"meiobenthos_gazi_1992_1993"
4716;;"syltroads1988"
4717;;"accobams_2016-2017"
4718;;"cetacean_strandings_data_bs_as"
4719;;"echinoids_occurrences_southern_ocean"
4720;;"food_saccostrea_gazi_1992"
4721;;"benthos_mangroves_beaches_1990"
4722;;"harpacticoida_from_kenya"
4723;;"padina_western_indian_ocean_1985_1999"
4724;;"zd_1448_1deg"
4725;;"macrobenthos_gazi_bay_1992_1993"
4726;;"caulerpales_kenyan_coast_1985_1989"
4727;;"nmv_marine_inverts"
4728;;"moi_fish_2017"
4730;;"am_malacology"
4731;;"dt2008"
4732;;"fk1999"
4733;;"rocky_shore_macroalgae"
4734;;"zd_1114"
4735;;"reef_life_cryptic"
4736;;"fucus-virsoides"
4738;;"pitcairn"
4739;;"s9-5_sg-sea"
4740;;"rockfishrecruitmentandecosystemassessmentsurveycatchdata"
4741;;"coastal_and_marine_species"
4742;;"zooplancton_ic_serrana"
4743;;"rottnest_birds"
4744;;"wp2-net"
4745;;"balleny_marcoalgae"
4746;;"zd_914"
4747;;"invemar_equinodermos_corpoguajira"
4748;;"reef_life_inverts"
4749;;"zd_1552_1deg"
4751;;"pry_areasarrecifales_invemar"
4752;;"zd_1526"
4753;;"asteroidea_southern_ocean"
4755;;"egyptexpeditionbryozoa"
4757;;"ccz_mollusca"
4758;;"test_yi-ming_2017"
4759;;"zd_1536"
4760;;"egyptexpeditionmites"
4761;;"fiji_marine_data"
4762;;"zd_1541"
4763;;"usgs_waterquality_sanfranciscobay_phytoplankton_1992_2014"
4764;;"zd_1538"
4765;;"zd_1517"
4766;;"zd_1530"
4767;;"1898all"
4768;;"mapmed_ports"
4769;;"zd_1524"
4770;;"zd_343"
4771;;"accd"
4772;;"balbaya_tuna_ecoscope"
4773;;"zariquiey-icm"
4774;;"invemar_bem_chuchupa"
4775;;"zd_1652"
4776;;"zd_1519"
4777;;"invemar_cam_gamacorpamag_fito"
4778;;"sbclter_dwc_kelpforest_reeffishabundance"
4779;;"mnhn-molluscs"
4780;;"microphytobenthos-sostemits"
4781;;"marinegeo_reeflifesurvey"
4782;;"aaa"
4783;;"mnhm_cnidaria"
4784;;"avesmusichi"
4785;;"chondrichthyans_ireland"
4786;;"zd_1521"
4787;;"cbr-icm"
4788;;"phytobenthos-portautority"
4789;;"zd_1543"
4790;;"zd_1528"
4791;;"expedicion_providencia_1_invemar"
4792;;"antarctic_peninsula_lichens"
4793;;"cangr_ermit_caribe"
4794;;"invemar_nagisa"
4795;;"zd_1522"
4796;;"demersal_species_guinea_eez"
4797;;"vagrantnzbirds"
4798;;"cnidarios_corpogua"
4799;;"zd_1540"
4800;;"hs51marinemammalobs"
4801;;"zd_1546_1deg"
4802;;"reef_life_fish"
4803;;"zd_950"
4804;;"zd_1654"
4805;;"mnhn_echinoderms"
4806;;"censoavessamp2015"
4807;;"cioh_invemar_smithsonian"
4808;;"invemar_bem_fito_col4y5"
4810;;"baso_tintinnida"
4811;;"auckland_museum_marine"
4812;;"mnhn_crustaceans"
4813;;"zd_1523"
4814;;"fitoplancton_isla_cayos_de_serrana"
4815;;"zd_1550_1deg"
4816;;"egyptexpeditionnemertini"
4817;;"regentnet"
4818;;"bogorov"
4819;;"trawl"
4820;;"egyptexpeditionbottomsampler"
4821;;"imos_atf_ad"
4822;;"sarce_rockyshores"
4823;;"imas_rocky_reef_algal"
4824;;"nmr_regions_syngnathid"
4825;;"imas_rocky_reef_fish"
4826;;"imas_rocky_reef_invertebrates"
4827;;"biodiversitysouthcaribbean"
4828;;"corales_pn_jardinesdelareina_cuba"
4829;;"beneficial_deepsea"
